#
# There is insufficient memory for the Java Runtime Environment to continue.
# Native memory allocation (mmap) failed to map 451936256 bytes. Error detail: G1 virtual space
# Possible reasons:
#   The system is out of physical RAM or swap space
#   This process is running with CompressedOops enabled, and the Java Heap may be blocking the growth of the native heap
# Possible solutions:
#   Reduce memory load on the system
#   Increase physical memory or swap space
#   Check if swap backing store is full
#   Decrease Java heap size (-Xmx/-Xms)
#   Decrease number of Java threads
#   Decrease Java thread stack sizes (-Xss)
#   Set larger code cache with -XX:ReservedCodeCacheSize=
#   JVM is running with Unscaled Compressed Oops mode in which the Java heap is
#     placed in the first 4GB address space. The Java Heap base address is the
#     maximum limit for the native heap growth. Please use -XX:HeapBaseMinAddress
#     to set the Java Heap base and to place the Java Heap above 4GB virtual address.
# This output file may be truncated or incomplete.
#
#  Out of Memory Error (os_windows.cpp:3898), pid=10272, tid=5424
#
# JRE version: OpenJDK Runtime Environment JBR-21.0.6+8-631.39-jcef (21.0.6+8) (build 21.0.6+8-b631.39)
# Java VM: OpenJDK 64-Bit Server VM JBR-21.0.6+8-631.39-jcef (21.0.6+8-b631.39, mixed mode, sharing, tiered, compressed oops, compressed class ptrs, g1 gc, windows-amd64)
# No core dump will be written. Minidumps are not enabled by default on client versions of Windows
#

---------------  S U M M A R Y ------------

Command Line: abort vfprintf -XX:ErrorFile=C:\Users\user\java_error_in_rider_%p.log -XX:HeapDumpPath=C:\Users\user\java_error_in_rider.hprof -Xms128m -Xmx2048m -XX:ReservedCodeCacheSize=512m -XX:+HeapDumpOnOutOfMemoryError -XX:-OmitStackTraceInFastThrow -XX:CICompilerCount=2 -XX:+IgnoreUnrecognizedVMOptions -ea -Dsun.io.useCanonCaches=false -Dsun.java2d.metal=true -Djbr.catch.SIGABRT=true -Djdk.http.auth.tunneling.disabledSchemes="" -Djdk.attach.allowAttachSelf=true -Djdk.module.illegalAccess.silent=true -Djdk.nio.maxCachedBufferSize=2097152 -Djava.util.zip.use.nio.for.zip.file.access=true -Dkotlinx.coroutines.debug=off -XX:+UnlockDiagnosticVMOptions -XX:TieredOldPercentage=100000 -Dllm.show.ai.promotion.window.on.start=false -Dwsl.use.remote.agent.for.nio.filesystem=true -Djava.nio.file.spi.DefaultFileSystemProvider=com.intellij.platform.core.nio.fs.MultiRoutingFileSystemProvider -Djava.security.manager=com.intellij.platform.core.nio.fs.CoreBootstrapSecurityManager -Xms128m -Xmx2048m -XX:ReservedCodeCacheSize=512m -XX:+IgnoreUnrecognizedVMOptions -XX:+UseG1GC -XX:SoftRefLRUPolicyMSPerMB=50 -XX:CICompilerCount=2 -XX:+HeapDumpOnOutOfMemoryError -XX:-OmitStackTraceInFastThrow -ea -Dsun.io.useCanonCaches=false -Djdk.http.auth.tunneling.disabledSchemes="" -Djdk.attach.allowAttachSelf=true -Djdk.module.illegalAccess.silent=true -Dkotlinx.coroutines.debug=off -XX:ErrorFile=$USER_HOME/java_error_in_idea_%p.log -XX:HeapDumpPath=$USER_HOME/java_error_in_idea.hprof --add-opens=java.base/jdk.internal.org.objectweb.asm=ALL-UNNAMED --add-opens=java.base/jdk.internal.org.objectweb.asm.tree=ALL-UNNAMED -javaagent:C:\jetbra\ja-netfilter.jar=jetbrains -Djb.vmOptionsFile=C:\jetbra\vmoptions\rider.vmoptions -Djava.system.class.loader=com.intellij.util.lang.PathClassLoader -Didea.vendor.name=JetBrains -Didea.paths.selector=Rider2024.3 -Djna.boot.library.path=C:\Program Files\JetBrains\JetBrains Rider 2024.3.7/lib/jna/amd64 -Dpty4j.preferred.native.folder=C:\Program Files\JetBrains\JetBrains Rider 2024.3.7/lib/pty4j -Djna.nosys=true -Djna.noclasspath=true -Dintellij.platform.runtime.repository.path=C:\Program Files\JetBrains\JetBrains Rider 2024.3.7/modules/module-descriptors.jar -Didea.platform.prefix=Rider -Dide.native.launcher=true -Didea.class.before.app=com.jetbrains.rider.protocol.EarlyBackendStarter -Didea.show.customize.ide.wizard=true -DFilePageCache.THROW_ERROR_ON_DUPLICATE_STORAGE_REGISTRATION=false -Dsplash=true -Daether.connector.resumeDownloads=false -Dcompose.swing.render.on.graphics=true --add-opens=java.base/java.io=ALL-UNNAMED --add-opens=java.base/java.lang=ALL-UNNAMED --add-opens=java.base/java.lang.ref=ALL-UNNAMED --add-opens=java.base/java.lang.reflect=ALL-UNNAMED --add-opens=java.base/java.net=ALL-UNNAMED --add-opens=java.base/java.nio=ALL-UNNAMED --add-opens=java.base/java.nio.charset=ALL-UNNAMED --add-opens=java.base/java.text=ALL-UNNAMED --add-opens=java.base/java.time=ALL-UNNAMED --add-opens=java.base/java.util=ALL-UNNAMED --add-opens=java.base/java.util.concurrent=ALL-UNNAMED --add-opens=java.base/java.util.concurrent.atomic=ALL-UNNAMED --add-opens=java.base/java.util.concurrent.locks=ALL-UNNAMED --add-opens=java.base/jdk.internal.vm=ALL-UNNAMED --add-opens=java.base/sun.net.dns=ALL-UNNAMED --add-opens=java.base/sun.nio.ch=ALL-UNNAMED --add-opens=java.base/sun.nio.fs=ALL-UNNAMED --add-opens=java.base/sun.security.ssl=ALL-UNNAMED --add-opens=java.base/sun.security.util=ALL-UNNAMED --add-opens=java.desktop/com.sun.java.swing=ALL-UNNAMED --add-opens=java.desktop/java.awt=ALL-UNNAMED --add-opens=java.desktop/java.awt.dnd.peer=ALL-UNNAMED --add-opens=java.desktop/java.awt.event=ALL-UNNAMED --add-opens=java.desktop/java.awt.font=ALL-UNNAMED --add-opens=java.desktop/java.awt.image=ALL-UNNAMED --add-opens=java.desktop/java.awt.peer=ALL-UNNAMED --add-opens=java.desktop/javax.swing=ALL-UNNAMED --add-opens=java.desktop/javax.swing.plaf.basic=ALL-UNNAMED --add-opens=java.desktop/javax.swing.text=ALL-UNNAMED --add-opens=java.desktop/javax.swing.text.html=ALL-UNNAMED --add-opens=java.desktop/sun.awt=ALL-UNNAMED --add-opens=java.desktop/sun.awt.datatransfer=ALL-UNNAMED --add-opens=java.desktop/sun.awt.image=ALL-UNNAMED --add-opens=java.desktop/sun.awt.windows=ALL-UNNAMED --add-opens=java.desktop/sun.font=ALL-UNNAMED --add-opens=java.desktop/sun.java2d=ALL-UNNAMED --add-opens=java.desktop/sun.swing=ALL-UNNAMED --add-opens=java.management/sun.management=ALL-UNNAMED --add-opens=jdk.attach/sun.tools.attach=ALL-UNNAMED --add-opens=jdk.compiler/com.sun.tools.javac.api=ALL-UNNAMED --add-opens=jdk.internal.jvmstat/sun.jvmstat.monitor=ALL-UNNAMED --add-opens=jdk.jdi/com.sun.tools.jdi=ALL-UNNAMED -Dide.native.launcher=true -Djcef.sandbox.ptr=000002971C801FA0 -Djcef.sandbox.cefVersion=122.1.9+gd14e051+chromium-122.0.6261.94 com.intellij.idea.Main C:\Users\user\Desktop\234234\courseWork2\courseWork2.sln

Host: Intel(R) Core(TM) i3-10100 CPU @ 3.60GHz, 8 cores, 7G,  Windows 10 , 64 bit Build 19041 (10.0.19041.4842)
Time: Mon Jun  2 09:50:48 2025 RTZ 2 (s 10 , 64 bit Build 19041 (10.0.19041.4842) elapsed time: 1456.027075 seconds (0d 0h 24m 16s)

---------------  T H R E A D  ---------------

Current thread (0x000002971c828fc0):  VMThread "VM Thread"          [id=5424, stack(0x000000ce4f400000,0x000000ce4f500000) (1024K)]

Stack: [0x000000ce4f400000,0x000000ce4f500000]
Native frames: (J=compiled Java code, j=interpreted, Vv=VM code, C=native code)
V  [jvm.dll+0x6e5d39]
V  [jvm.dll+0x8c4133]
V  [jvm.dll+0x8c668e]
V  [jvm.dll+0x8c6d73]
V  [jvm.dll+0x288f76]
V  [jvm.dll+0x6e25f5]
V  [jvm.dll+0x6d60aa]
V  [jvm.dll+0x3635bb]
V  [jvm.dll+0x36b186]
V  [jvm.dll+0x3bd4b6]
V  [jvm.dll+0x3bd788]
V  [jvm.dll+0x335d2c]
V  [jvm.dll+0x335db7]
V  [jvm.dll+0x37bbcc]
V  [jvm.dll+0x37a37e]
V  [jvm.dll+0x335481]
V  [jvm.dll+0x379a90]
V  [jvm.dll+0x8ccaf8]
V  [jvm.dll+0x8cde74]
V  [jvm.dll+0x8ce3b0]
V  [jvm.dll+0x8ce643]
V  [jvm.dll+0x86bd48]
V  [jvm.dll+0x6e453d]
C  [ucrtbase.dll+0x21bb2]
C  [KERNEL32.DLL+0x17374]
C  [ntdll.dll+0x4cc91]

VM_Operation (0x000000ce537fabf0): G1CollectForAllocation, mode: safepoint, requested by thread 0x0000029837617d40


---------------  P R O C E S S  ---------------

Threads class SMR info:
_java_thread_list=0x0000029827aed830, length=74, elements={
0x000002971c96da30, 0x0000029747f696a0, 0x0000029747f6c7c0, 0x0000029747f72590,
0x0000029747f750f0, 0x0000029747f77b50, 0x0000029748618090, 0x0000029748618e10,
0x0000029747f7e2c0, 0x0000029748721fd0, 0x0000029748723380, 0x00000297ba97cc50,
0x00000297ba980df0, 0x00000297ba97fa40, 0x00000297ba9800d0, 0x00000297ba97a4f0,
0x00000297bb18bfe0, 0x00000297bb188b60, 0x00000297bb18b2c0, 0x00000297bb18edd0,
0x00000297ce9adf00, 0x00000297da173430, 0x00000297da175b90, 0x00000297da1747e0,
0x00000297ba97ab80, 0x00000297eb937750, 0x0000029705ee77c0, 0x0000029705ee7130,
0x00000297eb1d6b60, 0x00000297107772c0, 0x0000029710779390, 0x000002970fe4b8a0,
0x0000029716bcf9e0, 0x0000029716bc90e0, 0x0000029716bcbed0, 0x000002981395bc10,
0x000002981395f090, 0x0000029824227480, 0x000002981aff6bc0, 0x000002981a87ff90,
0x000002981a8854e0, 0x000002981a87e550, 0x000002981a88bde0, 0x000002982f4f4390,
0x000002982f4e9260, 0x000002982f4f5740, 0x000002982f4f0f10, 0x000002982f4f8530,
0x000002982f4f50b0, 0x000002982f4f7ea0, 0x000002982f4f1c30, 0x000002982f4f9250,
0x000002982f4e98f0, 0x000002982f4e9f80, 0x000002982f4f5dd0, 0x000002982f4f15a0,
0x000002982f4f22c0, 0x000002982f4f6460, 0x000002982f4f8bc0, 0x000002982f4f6af0,
0x000002982f4f98e0, 0x000002982f4fa600, 0x000002982f4f3670, 0x000002982f4ecd70,
0x000002982f4fda80, 0x000002982f4fc6d0, 0x00000298376083e0, 0x0000029837608a70,
0x0000029837611440, 0x0000029837617d40, 0x00000298376183d0, 0x0000029837611ad0,
0x0000029837613ba0, 0x0000029837605c80
}

Java Threads: ( => current thread )
  0x000002971c96da30 JavaThread "main"                              [_thread_blocked, id=10884, stack(0x000000ce4ec00000,0x000000ce4ee00000) (2048K)]
  0x0000029747f696a0 JavaThread "Reference Handler"          daemon [_thread_blocked, id=10076, stack(0x000000ce4f500000,0x000000ce4f600000) (1024K)]
  0x0000029747f6c7c0 JavaThread "Finalizer"                  daemon [_thread_blocked, id=8384, stack(0x000000ce4f600000,0x000000ce4f700000) (1024K)]
  0x0000029747f72590 JavaThread "Signal Dispatcher"          daemon [_thread_blocked, id=3756, stack(0x000000ce4f700000,0x000000ce4f800000) (1024K)]
  0x0000029747f750f0 JavaThread "Attach Listener"            daemon [_thread_blocked, id=10900, stack(0x000000ce4f800000,0x000000ce4f900000) (1024K)]
  0x0000029747f77b50 JavaThread "Service Thread"             daemon [_thread_blocked, id=7780, stack(0x000000ce4f900000,0x000000ce4fa00000) (1024K)]
  0x0000029748618090 JavaThread "Monitor Deflation Thread"   daemon [_thread_blocked, id=8380, stack(0x000000ce4fa00000,0x000000ce4fb00000) (1024K)]
  0x0000029748618e10 JavaThread "C2 CompilerThread0"         daemon [_thread_blocked, id=7660, stack(0x000000ce4fb00000,0x000000ce4fc00000) (1024K)]
  0x0000029747f7e2c0 JavaThread "C1 CompilerThread0"         daemon [_thread_blocked, id=1132, stack(0x000000ce4fc00000,0x000000ce4fd00000) (1024K)]
  0x0000029748721fd0 JavaThread "Common-Cleaner"             daemon [_thread_blocked, id=4912, stack(0x000000ce4fd00000,0x000000ce4fe00000) (1024K)]
  0x0000029748723380 JavaThread "Notification Thread"        daemon [_thread_blocked, id=11144, stack(0x000000ce50300000,0x000000ce50400000) (1024K)]
  0x00000297ba97cc50 JavaThread "Java2D Disposer"            daemon [_thread_blocked, id=5876, stack(0x000000ce50c00000,0x000000ce50d00000) (1024K)]
  0x00000297ba980df0 JavaThread "AWT-Shutdown"                      [_thread_blocked, id=3160, stack(0x000000ce50d00000,0x000000ce50e00000) (1024K)]
  0x00000297ba97fa40 JavaThread "AWT-Windows"                daemon [_thread_in_native, id=6684, stack(0x000000ce50e00000,0x000000ce50f00000) (1024K)]
  0x00000297ba9800d0 JavaThread "External Command Listener"  daemon [_thread_in_native, id=1632, stack(0x000000ce51000000,0x000000ce51100000) (1024K)]
  0x00000297ba97a4f0 JavaThread "kotlinx.coroutines.DefaultExecutor" daemon [_thread_blocked, id=11148, stack(0x000000ce51300000,0x000000ce51400000) (1024K)]
  0x00000297bb18bfe0 JavaThread "AWT-EventQueue-0"                  [_thread_blocked, id=10024, stack(0x000000ce51700000,0x000000ce51800000) (1024K)]
  0x00000297bb188b60 JavaThread "EarlyStartServerWire/Sender" daemon [_thread_blocked, id=7696, stack(0x000000ce51b00000,0x000000ce51c00000) (1024K)]
  0x00000297bb18b2c0 JavaThread "EarlyStartServerWire"       daemon [_thread_blocked, id=9600, stack(0x000000ce51c00000,0x000000ce51d00000) (1024K)]
  0x00000297bb18edd0 JavaThread "SerializersBackgroundRegistrar" daemon [_thread_blocked, id=10376, stack(0x000000ce51d00000,0x000000ce51e00000) (1024K)]
  0x00000297ce9adf00 JavaThread "Program"                           [_thread_in_native, id=3124, stack(0x000000ce51e00000,0x000000ce51f00000) (1024K)]
  0x00000297da173430 JavaThread "PeriodicMetricReader"       daemon [_thread_blocked, id=2552, stack(0x000000ce52100000,0x000000ce52200000) (1024K)]
  0x00000297da175b90 JavaThread "BaseDataReader: output stream of Program"        [_thread_in_native, id=4044, stack(0x000000ce52200000,0x000000ce52300000) (1024K)]
  0x00000297da1747e0 JavaThread "BaseDataReader: error stream of Program"        [_thread_in_native, id=5972, stack(0x000000ce52300000,0x000000ce52400000) (1024K)]
  0x00000297ba97ab80 JavaThread "Coroutines Debugger Cleaner" daemon [_thread_blocked, id=1808, stack(0x000000ce52400000,0x000000ce52500000) (1024K)]
  0x00000297eb937750 JavaThread "pool-4-thread-1"                   [_thread_blocked, id=2480, stack(0x000000ce52500000,0x000000ce52600000) (1024K)]
  0x0000029705ee77c0 JavaThread "Periodic tasks thread"      daemon [_thread_blocked, id=9848, stack(0x000000ce52600000,0x000000ce52700000) (1024K)]
  0x0000029705ee7130 JavaThread "Kernel event loop thread 3rp7lg175dgq3iee529f" daemon [_thread_blocked, id=9136, stack(0x000000ce52800000,0x000000ce52900000) (1024K)]
  0x00000297eb1d6b60 JavaThread "JNA Cleaner"                daemon [_thread_blocked, id=8748, stack(0x000000ce52900000,0x000000ce52a00000) (1024K)]
  0x00000297107772c0 JavaThread "Netty Builtin Server 1"     daemon [_thread_in_native, id=424, stack(0x000000ce52b00000,0x000000ce52c00000) (1024K)]
  0x0000029710779390 JavaThread "BackgroundScheduler"        daemon [_thread_blocked, id=8804, stack(0x000000ce52c00000,0x000000ce52d00000) (1024K)]
  0x000002970fe4b8a0 JavaThread "JVMResponsivenessMonitor"   daemon [_thread_blocked, id=8728, stack(0x000000ce52d00000,0x000000ce52e00000) (1024K)]
  0x0000029716bcf9e0 JavaThread "fsnotifier.exe"                    [_thread_in_native, id=8944, stack(0x000000ce52f00000,0x000000ce53000000) (1024K)]
  0x0000029716bc90e0 JavaThread "BaseDataReader: error stream of fsnotifier.exe"        [_thread_in_native, id=8720, stack(0x000000ce53000000,0x000000ce53100000) (1024K)]
  0x0000029716bcbed0 JavaThread "BaseDataReader: output stream of fsnotifier.exe"        [_thread_blocked, id=8740, stack(0x000000ce53100000,0x000000ce53200000) (1024K)]
  0x000002981395bc10 JavaThread "TimerQueue"                 daemon [_thread_blocked, id=10644, stack(0x000000ce53900000,0x000000ce53a00000) (1024K)]
  0x000002981395f090 JavaThread "Jndi-Dns-address-change-listener" daemon [_thread_in_native, id=10936, stack(0x000000ce53a00000,0x000000ce53b00000) (1024K)]
  0x0000029824227480 JavaThread "WorkspaceModelUpdater"      daemon [_thread_blocked, id=6964, stack(0x000000ce53e00000,0x000000ce53f00000) (1024K)]
  0x000002981aff6bc0 JavaThread "Windows Shell integration"  daemon [_thread_blocked, id=10472, stack(0x000000ce54300000,0x000000ce54400000) (1024K)]
  0x000002981a87ff90 JavaThread "IdIndex Writer"             daemon [_thread_blocked, id=8204, stack(0x000000ce55a00000,0x000000ce55b00000) (1024K)]
  0x000002981a8854e0 JavaThread "Trigram Writer"             daemon [_thread_blocked, id=7292, stack(0x000000ce55b00000,0x000000ce55c00000) (1024K)]
  0x000002981a87e550 JavaThread "Stubs Writer"                      [_thread_blocked, id=2312, stack(0x000000ce55c00000,0x000000ce55d00000) (1024K)]
  0x000002981a88bde0 JavaThread "Aux Index Writer #1"               [_thread_blocked, id=1388, stack(0x000000ce55d00000,0x000000ce55e00000) (1024K)]
  0x000002982f4f4390 JavaThread "DefaultDispatcher-worker-2" daemon [_thread_blocked, id=8236, stack(0x000000ce50f00000,0x000000ce51000000) (1024K)]
  0x000002982f4e9260 JavaThread "DefaultDispatcher-worker-7" daemon [_thread_blocked, id=12980, stack(0x000000ce4ea00000,0x000000ce4eb00000) (1024K)]
  0x000002982f4f5740 JavaThread "DefaultDispatcher-worker-5" daemon [_thread_blocked, id=1436, stack(0x000000ce50900000,0x000000ce50a00000) (1024K)]
  0x000002982f4f0f10 JavaThread "DefaultDispatcher-worker-4" daemon [_thread_blocked, id=13120, stack(0x000000ce50b00000,0x000000ce50c00000) (1024K)]
  0x000002982f4f8530 JavaThread "ApplicationImpl pooled thread 12"        [_thread_blocked, id=12808, stack(0x000000ce51f00000,0x000000ce52000000) (1024K)]
  0x000002982f4f50b0 JavaThread "DefaultDispatcher-worker-3" daemon [_thread_blocked, id=2432, stack(0x000000ce50800000,0x000000ce50900000) (1024K)]
  0x000002982f4f7ea0 JavaThread "DefaultDispatcher-worker-8" daemon [_thread_blocked, id=13128, stack(0x000000ce51600000,0x000000ce51700000) (1024K)]
  0x000002982f4f1c30 JavaThread "DefaultDispatcher-worker-6" daemon [_thread_blocked, id=7456, stack(0x000000ce52000000,0x000000ce52100000) (1024K)]
  0x000002982f4f9250 JavaThread "DefaultDispatcher-worker-1" daemon [_thread_blocked, id=9744, stack(0x000000ce52700000,0x000000ce52800000) (1024K)]
  0x000002982f4e98f0 JavaThread "ApplicationImpl pooled thread 13"        [_thread_blocked, id=10868, stack(0x000000ce4eb00000,0x000000ce4ec00000) (1024K)]
  0x000002982f4e9f80 JavaThread "DefaultDispatcher-worker-9" daemon [_thread_blocked, id=10976, stack(0x000000ce50400000,0x000000ce50500000) (1024K)]
  0x000002982f4f5dd0 JavaThread "DefaultDispatcher-worker-10" daemon [_thread_blocked, id=7824, stack(0x000000ce50500000,0x000000ce50600000) (1024K)]
  0x000002982f4f15a0 JavaThread "DefaultDispatcher-worker-11" daemon [_thread_blocked, id=2408, stack(0x000000ce50600000,0x000000ce50700000) (1024K)]
  0x000002982f4f22c0 JavaThread "DefaultDispatcher-worker-12" daemon [_thread_blocked, id=10808, stack(0x000000ce50700000,0x000000ce50800000) (1024K)]
  0x000002982f4f6460 JavaThread "DefaultDispatcher-worker-13" daemon [_thread_blocked, id=6608, stack(0x000000ce50a00000,0x000000ce50b00000) (1024K)]
  0x000002982f4f8bc0 JavaThread "DefaultDispatcher-worker-14" daemon [_thread_blocked, id=6464, stack(0x000000ce51400000,0x000000ce51500000) (1024K)]
  0x000002982f4f6af0 JavaThread "DefaultDispatcher-worker-15" daemon [_thread_blocked, id=12544, stack(0x000000ce51500000,0x000000ce51600000) (1024K)]
  0x000002982f4f98e0 JavaThread "DefaultDispatcher-worker-16" daemon [_thread_blocked, id=11284, stack(0x000000ce51800000,0x000000ce51900000) (1024K)]
  0x000002982f4fa600 JavaThread "DefaultDispatcher-worker-17" daemon [_thread_blocked, id=12564, stack(0x000000ce52e00000,0x000000ce52f00000) (1024K)]
  0x000002982f4f3670 JavaThread "I/O pool 25"                       [_thread_blocked, id=8220, stack(0x000000ce4e900000,0x000000ce4ea00000) (1024K)]
  0x000002982f4ecd70 JavaThread "JobScheduler FJ pool 0/7"   daemon [_thread_blocked, id=7524, stack(0x000000ce51a00000,0x000000ce51b00000) (1024K)]
  0x000002982f4fda80 JavaThread "JobScheduler FJ pool 1/7"   daemon [_thread_blocked, id=12752, stack(0x000000ce53200000,0x000000ce53300000) (1024K)]
  0x000002982f4fc6d0 JavaThread "ApplicationImpl pooled thread 14"        [_thread_blocked, id=4784, stack(0x000000ce53300000,0x000000ce53400000) (1024K)]
  0x00000298376083e0 JavaThread "ApplicationImpl pooled thread 15"        [_thread_blocked, id=1952, stack(0x000000ce53400000,0x000000ce53500000) (1024K)]
  0x0000029837608a70 JavaThread "ApplicationImpl pooled thread 16"        [_thread_blocked, id=6272, stack(0x000000ce53500000,0x000000ce53600000) (1024K)]
  0x0000029837611440 JavaThread "JobScheduler FJ pool 2/7"   daemon [_thread_blocked, id=12088, stack(0x000000ce53600000,0x000000ce53700000) (1024K)]
  0x0000029837617d40 JavaThread "JobScheduler FJ pool 3/7"   daemon [_thread_blocked, id=13252, stack(0x000000ce53700000,0x000000ce53800000) (1024K)]
  0x00000298376183d0 JavaThread "JobScheduler FJ pool 4/7"   daemon [_thread_blocked, id=11340, stack(0x000000ce53800000,0x000000ce53900000) (1024K)]
  0x0000029837611ad0 JavaThread "JobScheduler FJ pool 5/7"   daemon [_thread_blocked, id=5684, stack(0x000000ce53c00000,0x000000ce53d00000) (1024K)]
  0x0000029837613ba0 JavaThread "JobScheduler FJ pool 6/7"   daemon [_thread_blocked, id=11664, stack(0x000000ce53d00000,0x000000ce53e00000) (1024K)]
  0x0000029837605c80 JavaThread "Keep-Alive-Timer"           daemon [_thread_blocked, id=4504, stack(0x000000ce54000000,0x000000ce54100000) (1024K)]
Total: 74

Other Threads:
=>0x000002971c828fc0 VMThread "VM Thread"                           [id=5424, stack(0x000000ce4f400000,0x000000ce4f500000) (1024K)]
  0x0000029747f4c1e0 WatcherThread "VM Periodic Task Thread"        [id=6188, stack(0x000000ce4f300000,0x000000ce4f400000) (1024K)]
  0x000002971c827da0 WorkerThread "GC Thread#0"                     [id=10680, stack(0x000000ce4ee00000,0x000000ce4ef00000) (1024K)]
  0x000002971c828880 WorkerThread "GC Thread#1"                     [id=10896, stack(0x000000ce4fe00000,0x000000ce4ff00000) (1024K)]
  0x000002971c8284e0 WorkerThread "GC Thread#2"                     [id=2384, stack(0x000000ce4ff00000,0x000000ce50000000) (1024K)]
  0x000002971c829360 WorkerThread "GC Thread#3"                     [id=10576, stack(0x000000ce50000000,0x000000ce50100000) (1024K)]
  0x000002978e25f620 WorkerThread "GC Thread#4"                     [id=1432, stack(0x000000ce50100000,0x000000ce50200000) (1024K)]
  0x000002978e25eee0 WorkerThread "GC Thread#5"                     [id=11040, stack(0x000000ce50200000,0x000000ce50300000) (1024K)]
  0x00000297bb234850 WorkerThread "GC Thread#6"                     [id=11164, stack(0x000000ce51100000,0x000000ce51200000) (1024K)]
  0x00000297bb233630 WorkerThread "GC Thread#7"                     [id=11008, stack(0x000000ce51200000,0x000000ce51300000) (1024K)]
  0x000002971c9dd940 ConcurrentGCThread "G1 Main Marker"            [id=10380, stack(0x000000ce4ef00000,0x000000ce4f000000) (1024K)]
  0x000002971c828140 WorkerThread "G1 Conc#0"                       [id=6896, stack(0x000000ce4f000000,0x000000ce4f100000) (1024K)]
  0x00000297ce306820 WorkerThread "G1 Conc#1"                       [id=2736, stack(0x000000ce51900000,0x000000ce51a00000) (1024K)]
  0x0000029747e0abb0 ConcurrentGCThread "G1 Refine#0"               [id=7200, stack(0x000000ce4f100000,0x000000ce4f200000) (1024K)]
  0x0000029747e0b530 ConcurrentGCThread "G1 Service"                [id=11240, stack(0x000000ce4f200000,0x000000ce4f300000) (1024K)]
Total: 15

Threads with active compile tasks:
C2 CompilerThread0  1456064 40620 %     4       dk.brics.automaton.MinimizationOperations::minimizeHopcroft @ 476 (1636 bytes)
Total: 1

VM state: at safepoint (normal execution)

VM Mutex/Monitor currently owned by a thread:  ([mutex/lock_event])
[0x00007ffa1c55ea30] Threads_lock - owner thread: 0x000002971c828fc0
[0x00007ffa1c55eb30] Heap_lock - owner thread: 0x0000029837617d40

Heap address: 0x0000000080000000, size: 2048 MB, Compressed Oops mode: 32-bit

CDS archive(s) mapped at: [0x0000029749000000-0x0000029749d00000-0x0000029749d00000), size 13631488, SharedBaseAddress: 0x0000029749000000, ArchiveRelocationMode: 1.
Compressed class space mapped at: 0x000002974a000000-0x000002978a000000, reserved size: 1073741824
Narrow klass base: 0x0000029749000000, Narrow klass shift: 0, Narrow klass range: 0x100000000

GC Precious Log:
 CardTable entry size: 512
 Card Set container configuration: InlinePtr #cards 5 size 8 Array Of Cards #cards 12 size 40 Howl #buckets 4 coarsen threshold 1843 Howl Bitmap #cards 512 size 80 coarsen threshold 460 Card regions per heap region 1 cards per card region 2048
 CPUs: 8 total, 8 available
 Memory: 7973M
 Large Page Support: Disabled
 NUMA Support: Disabled
 Compressed Oops: Enabled (32-bit)
 Heap Region Size: 1M
 Heap Min Capacity: 128M
 Heap Initial Capacity: 128M
 Heap Max Capacity: 2G
 Pre-touch: Disabled
 Parallel Workers: 8
 Concurrent Workers: 2
 Concurrent Refinement Workers: 8
 Periodic GC: Disabled

Heap:
 garbage-first heap   total 454656K, used 315187K [0x0000000080000000, 0x0000000100000000)
  region size 1024K, 15 young (15360K), 15 survivors (15360K)
 Metaspace       used 318302K, committed 322752K, reserved 1376256K
  class space    used 39206K, committed 41152K, reserved 1048576K

Heap Regions: E=young(eden), S=young(survivor), O=old, HS=humongous(starts), HC=humongous(continues), CS=collection set, F=free, TAMS=top-at-mark-start, PB=parsable bottom
|   0|0x0000000080000000, 0x0000000080100000, 0x0000000080100000|100%|HS|  |TAMS 0x0000000080100000| PB 0x0000000080000000| Complete 
|   1|0x0000000080100000, 0x0000000080200000, 0x0000000080200000|100%|HC|  |TAMS 0x0000000080200000| PB 0x0000000080100000| Complete 
|   2|0x0000000080200000, 0x0000000080300000, 0x0000000080300000|100%|HS|  |TAMS 0x0000000080300000| PB 0x0000000080200000| Complete 
|   3|0x0000000080300000, 0x0000000080400000, 0x0000000080400000|100%|HC|  |TAMS 0x0000000080400000| PB 0x0000000080300000| Complete 
|   4|0x0000000080400000, 0x0000000080500000, 0x0000000080500000|100%|HC|  |TAMS 0x0000000080500000| PB 0x0000000080400000| Complete 
|   5|0x0000000080500000, 0x0000000080600000, 0x0000000080600000|100%|HC|  |TAMS 0x0000000080600000| PB 0x0000000080500000| Complete 
|   6|0x0000000080600000, 0x0000000080700000, 0x0000000080700000|100%|HC|  |TAMS 0x0000000080700000| PB 0x0000000080600000| Complete 
|   7|0x0000000080700000, 0x0000000080800000, 0x0000000080800000|100%|HC|  |TAMS 0x0000000080800000| PB 0x0000000080700000| Complete 
|   8|0x0000000080800000, 0x0000000080900000, 0x0000000080900000|100%|HC|  |TAMS 0x0000000080900000| PB 0x0000000080800000| Complete 
|   9|0x0000000080900000, 0x0000000080a00000, 0x0000000080a00000|100%|HS|  |TAMS 0x0000000080a00000| PB 0x0000000080900000| Complete 
|  10|0x0000000080a00000, 0x0000000080b00000, 0x0000000080b00000|100%|HS|  |TAMS 0x0000000080b00000| PB 0x0000000080a00000| Complete 
|  11|0x0000000080b00000, 0x0000000080c00000, 0x0000000080c00000|100%|HC|  |TAMS 0x0000000080c00000| PB 0x0000000080b00000| Complete 
|  12|0x0000000080c00000, 0x0000000080d00000, 0x0000000080d00000|100%|HS|  |TAMS 0x0000000080d00000| PB 0x0000000080c00000| Complete 
|  13|0x0000000080d00000, 0x0000000080e00000, 0x0000000080e00000|100%|HC|  |TAMS 0x0000000080e00000| PB 0x0000000080d00000| Complete 
|  14|0x0000000080e00000, 0x0000000080f00000, 0x0000000080f00000|100%|HS|  |TAMS 0x0000000080f00000| PB 0x0000000080e00000| Complete 
|  15|0x0000000080f00000, 0x0000000081000000, 0x0000000081000000|100%|HS|  |TAMS 0x0000000081000000| PB 0x0000000080f00000| Complete 
|  16|0x0000000081000000, 0x0000000081100000, 0x0000000081100000|100%|HC|  |TAMS 0x0000000081100000| PB 0x0000000081000000| Complete 
|  17|0x0000000081100000, 0x0000000081200000, 0x0000000081200000|100%|HC|  |TAMS 0x0000000081200000| PB 0x0000000081100000| Complete 
|  18|0x0000000081200000, 0x0000000081300000, 0x0000000081300000|100%|HS|  |TAMS 0x0000000081300000| PB 0x0000000081200000| Complete 
|  19|0x0000000081300000, 0x0000000081400000, 0x0000000081400000|100%|HS|  |TAMS 0x0000000081400000| PB 0x0000000081300000| Complete 
|  20|0x0000000081400000, 0x0000000081500000, 0x0000000081500000|100%|HC|  |TAMS 0x0000000081500000| PB 0x0000000081400000| Complete 
|  21|0x0000000081500000, 0x0000000081600000, 0x0000000081600000|100%|HS|  |TAMS 0x0000000081600000| PB 0x0000000081500000| Complete 
|  22|0x0000000081600000, 0x0000000081700000, 0x0000000081700000|100%|HS|  |TAMS 0x0000000081700000| PB 0x0000000081600000| Complete 
|  23|0x0000000081700000, 0x0000000081800000, 0x0000000081800000|100%|HS|  |TAMS 0x0000000081800000| PB 0x0000000081700000| Complete 
|  24|0x0000000081800000, 0x0000000081900000, 0x0000000081900000|100%| O|  |TAMS 0x0000000081900000| PB 0x0000000081800000| Untracked 
|  25|0x0000000081900000, 0x0000000081a00000, 0x0000000081a00000|100%|HS|  |TAMS 0x0000000081a00000| PB 0x0000000081900000| Complete 
|  26|0x0000000081a00000, 0x0000000081b00000, 0x0000000081b00000|100%|HC|  |TAMS 0x0000000081b00000| PB 0x0000000081a00000| Complete 
|  27|0x0000000081b00000, 0x0000000081c00000, 0x0000000081c00000|100%|HS|  |TAMS 0x0000000081c00000| PB 0x0000000081b00000| Complete 
|  28|0x0000000081c00000, 0x0000000081d00000, 0x0000000081d00000|100%|HC|  |TAMS 0x0000000081d00000| PB 0x0000000081c00000| Complete 
|  29|0x0000000081d00000, 0x0000000081e00000, 0x0000000081e00000|100%|HS|  |TAMS 0x0000000081e00000| PB 0x0000000081d00000| Complete 
|  30|0x0000000081e00000, 0x0000000081f00000, 0x0000000081f00000|100%|HS|  |TAMS 0x0000000081f00000| PB 0x0000000081e00000| Complete 
|  31|0x0000000081f00000, 0x0000000082000000, 0x0000000082000000|100%| O|  |TAMS 0x0000000082000000| PB 0x0000000081f00000| Untracked 
|  32|0x0000000082000000, 0x0000000082100000, 0x0000000082100000|100%| O|  |TAMS 0x0000000082100000| PB 0x0000000082000000| Untracked 
|  33|0x0000000082100000, 0x0000000082200000, 0x0000000082200000|100%| O|  |TAMS 0x0000000082200000| PB 0x0000000082100000| Untracked 
|  34|0x0000000082200000, 0x0000000082300000, 0x0000000082300000|100%| O|  |TAMS 0x0000000082300000| PB 0x0000000082200000| Untracked 
|  35|0x0000000082300000, 0x0000000082400000, 0x0000000082400000|100%| O|  |TAMS 0x0000000082400000| PB 0x0000000082300000| Untracked 
|  36|0x0000000082400000, 0x0000000082500000, 0x0000000082500000|100%| O|  |TAMS 0x0000000082500000| PB 0x0000000082400000| Untracked 
|  37|0x0000000082500000, 0x0000000082600000, 0x0000000082600000|100%| O|  |TAMS 0x0000000082600000| PB 0x0000000082500000| Untracked 
|  38|0x0000000082600000, 0x0000000082700000, 0x0000000082700000|100%| O|  |TAMS 0x0000000082700000| PB 0x0000000082600000| Untracked 
|  39|0x0000000082700000, 0x0000000082800000, 0x0000000082800000|100%|HS|  |TAMS 0x0000000082800000| PB 0x0000000082700000| Complete 
|  40|0x0000000082800000, 0x0000000082900000, 0x0000000082900000|100%|HS|  |TAMS 0x0000000082900000| PB 0x0000000082800000| Complete 
|  41|0x0000000082900000, 0x0000000082a00000, 0x0000000082a00000|100%| O|  |TAMS 0x0000000082a00000| PB 0x0000000082900000| Untracked 
|  42|0x0000000082a00000, 0x0000000082b00000, 0x0000000082b00000|100%| O|  |TAMS 0x0000000082b00000| PB 0x0000000082a00000| Untracked 
|  43|0x0000000082b00000, 0x0000000082c00000, 0x0000000082c00000|100%| O|  |TAMS 0x0000000082c00000| PB 0x0000000082b00000| Untracked 
|  44|0x0000000082c00000, 0x0000000082d00000, 0x0000000082d00000|100%| O|  |TAMS 0x0000000082d00000| PB 0x0000000082c00000| Untracked 
|  45|0x0000000082d00000, 0x0000000082e00000, 0x0000000082e00000|100%| O|  |TAMS 0x0000000082e00000| PB 0x0000000082d00000| Untracked 
|  46|0x0000000082e00000, 0x0000000082f00000, 0x0000000082f00000|100%| O|  |TAMS 0x0000000082f00000| PB 0x0000000082e00000| Untracked 
|  47|0x0000000082f00000, 0x0000000083000000, 0x0000000083000000|100%| O|  |TAMS 0x0000000083000000| PB 0x0000000082f00000| Untracked 
|  48|0x0000000083000000, 0x0000000083100000, 0x0000000083100000|100%|HS|  |TAMS 0x0000000083100000| PB 0x0000000083000000| Complete 
|  49|0x0000000083100000, 0x0000000083200000, 0x0000000083200000|100%| O|  |TAMS 0x0000000083200000| PB 0x0000000083100000| Untracked 
|  50|0x0000000083200000, 0x0000000083300000, 0x0000000083300000|100%| O|  |TAMS 0x0000000083300000| PB 0x0000000083200000| Untracked 
|  51|0x0000000083300000, 0x0000000083400000, 0x0000000083400000|100%| O|  |TAMS 0x0000000083400000| PB 0x0000000083300000| Untracked 
|  52|0x0000000083400000, 0x0000000083500000, 0x0000000083500000|100%| O|  |TAMS 0x0000000083400000| PB 0x0000000083400000| Untracked 
|  53|0x0000000083500000, 0x0000000083600000, 0x0000000083600000|100%| O|  |TAMS 0x0000000083600000| PB 0x0000000083500000| Untracked 
|  54|0x0000000083600000, 0x0000000083700000, 0x0000000083700000|100%| O|  |TAMS 0x0000000083700000| PB 0x0000000083600000| Untracked 
|  55|0x0000000083700000, 0x0000000083800000, 0x0000000083800000|100%| O|  |TAMS 0x0000000083800000| PB 0x0000000083700000| Untracked 
|  56|0x0000000083800000, 0x0000000083900000, 0x0000000083900000|100%| O|  |TAMS 0x0000000083900000| PB 0x0000000083800000| Untracked 
|  57|0x0000000083900000, 0x0000000083a00000, 0x0000000083a00000|100%| O|  |TAMS 0x0000000083a00000| PB 0x0000000083900000| Untracked 
|  58|0x0000000083a00000, 0x0000000083b00000, 0x0000000083b00000|100%| O|  |TAMS 0x0000000083b00000| PB 0x0000000083a00000| Untracked 
|  59|0x0000000083b00000, 0x0000000083c00000, 0x0000000083c00000|100%| O|  |TAMS 0x0000000083c00000| PB 0x0000000083b00000| Untracked 
|  60|0x0000000083c00000, 0x0000000083d00000, 0x0000000083d00000|100%| O|  |TAMS 0x0000000083d00000| PB 0x0000000083c00000| Untracked 
|  61|0x0000000083d00000, 0x0000000083e00000, 0x0000000083e00000|100%| O|  |TAMS 0x0000000083e00000| PB 0x0000000083d00000| Untracked 
|  62|0x0000000083e00000, 0x0000000083f00000, 0x0000000083f00000|100%| O|  |TAMS 0x0000000083f00000| PB 0x0000000083e00000| Untracked 
|  63|0x0000000083f00000, 0x0000000084000000, 0x0000000084000000|100%| O|  |TAMS 0x0000000084000000| PB 0x0000000083f00000| Untracked 
|  64|0x0000000084000000, 0x0000000084100000, 0x0000000084100000|100%| O|  |TAMS 0x0000000084100000| PB 0x0000000084000000| Untracked 
|  65|0x0000000084100000, 0x0000000084200000, 0x0000000084200000|100%| O|  |TAMS 0x0000000084200000| PB 0x0000000084100000| Untracked 
|  66|0x0000000084200000, 0x0000000084300000, 0x0000000084300000|100%| O|  |TAMS 0x0000000084300000| PB 0x0000000084200000| Untracked 
|  67|0x0000000084300000, 0x0000000084400000, 0x0000000084400000|100%| O|  |TAMS 0x0000000084400000| PB 0x0000000084300000| Untracked 
|  68|0x0000000084400000, 0x0000000084500000, 0x0000000084500000|100%| O|  |TAMS 0x0000000084500000| PB 0x0000000084400000| Untracked 
|  69|0x0000000084500000, 0x0000000084600000, 0x0000000084600000|100%| O|  |TAMS 0x0000000084600000| PB 0x0000000084500000| Untracked 
|  70|0x0000000084600000, 0x0000000084700000, 0x0000000084700000|100%| O|  |TAMS 0x0000000084700000| PB 0x0000000084600000| Untracked 
|  71|0x0000000084700000, 0x0000000084800000, 0x0000000084800000|100%| O|  |TAMS 0x0000000084800000| PB 0x0000000084700000| Untracked 
|  72|0x0000000084800000, 0x0000000084900000, 0x0000000084900000|100%| O|  |TAMS 0x0000000084900000| PB 0x0000000084800000| Untracked 
|  73|0x0000000084900000, 0x0000000084a00000, 0x0000000084a00000|100%| O|  |TAMS 0x0000000084a00000| PB 0x0000000084900000| Untracked 
|  74|0x0000000084a00000, 0x0000000084b00000, 0x0000000084b00000|100%| O|  |TAMS 0x0000000084b00000| PB 0x0000000084a00000| Untracked 
|  75|0x0000000084b00000, 0x0000000084c00000, 0x0000000084c00000|100%| O|  |TAMS 0x0000000084c00000| PB 0x0000000084b00000| Untracked 
|  76|0x0000000084c00000, 0x0000000084d00000, 0x0000000084d00000|100%| O|  |TAMS 0x0000000084d00000| PB 0x0000000084c00000| Untracked 
|  77|0x0000000084d00000, 0x0000000084e00000, 0x0000000084e00000|100%| O|  |TAMS 0x0000000084e00000| PB 0x0000000084d00000| Untracked 
|  78|0x0000000084e00000, 0x0000000084f00000, 0x0000000084f00000|100%| O|  |TAMS 0x0000000084f00000| PB 0x0000000084e00000| Untracked 
|  79|0x0000000084f00000, 0x0000000085000000, 0x0000000085000000|100%| O|  |TAMS 0x0000000085000000| PB 0x0000000084f00000| Untracked 
|  80|0x0000000085000000, 0x0000000085100000, 0x0000000085100000|100%| O|  |TAMS 0x0000000085100000| PB 0x0000000085000000| Untracked 
|  81|0x0000000085100000, 0x0000000085200000, 0x0000000085200000|100%| O|  |TAMS 0x0000000085200000| PB 0x0000000085100000| Untracked 
|  82|0x0000000085200000, 0x0000000085300000, 0x0000000085300000|100%| O|  |TAMS 0x0000000085200000| PB 0x0000000085200000| Untracked 
|  83|0x0000000085300000, 0x0000000085400000, 0x0000000085400000|100%| O|  |TAMS 0x0000000085400000| PB 0x0000000085300000| Untracked 
|  84|0x0000000085400000, 0x0000000085500000, 0x0000000085500000|100%| O|  |TAMS 0x0000000085500000| PB 0x0000000085400000| Untracked 
|  85|0x0000000085500000, 0x0000000085600000, 0x0000000085600000|100%| O|  |TAMS 0x0000000085600000| PB 0x0000000085500000| Untracked 
|  86|0x0000000085600000, 0x0000000085700000, 0x0000000085700000|100%| O|  |TAMS 0x0000000085700000| PB 0x0000000085600000| Untracked 
|  87|0x0000000085700000, 0x0000000085800000, 0x0000000085800000|100%| O|  |TAMS 0x0000000085800000| PB 0x0000000085700000| Untracked 
|  88|0x0000000085800000, 0x0000000085900000, 0x0000000085900000|100%| O|  |TAMS 0x0000000085900000| PB 0x0000000085800000| Untracked 
|  89|0x0000000085900000, 0x0000000085a00000, 0x0000000085a00000|100%| O|  |TAMS 0x0000000085a00000| PB 0x0000000085900000| Untracked 
|  90|0x0000000085a00000, 0x0000000085b00000, 0x0000000085b00000|100%| O|  |TAMS 0x0000000085b00000| PB 0x0000000085a00000| Untracked 
|  91|0x0000000085b00000, 0x0000000085c00000, 0x0000000085c00000|100%| O|  |TAMS 0x0000000085c00000| PB 0x0000000085b00000| Untracked 
|  92|0x0000000085c00000, 0x0000000085d00000, 0x0000000085d00000|100%| O|  |TAMS 0x0000000085d00000| PB 0x0000000085c00000| Untracked 
|  93|0x0000000085d00000, 0x0000000085e00000, 0x0000000085e00000|100%| O|  |TAMS 0x0000000085e00000| PB 0x0000000085d00000| Untracked 
|  94|0x0000000085e00000, 0x0000000085f00000, 0x0000000085f00000|100%| O|  |TAMS 0x0000000085f00000| PB 0x0000000085e00000| Untracked 
|  95|0x0000000085f00000, 0x0000000086000000, 0x0000000086000000|100%| O|  |TAMS 0x0000000086000000| PB 0x0000000085f00000| Untracked 
|  96|0x0000000086000000, 0x0000000086100000, 0x0000000086100000|100%| O|  |TAMS 0x0000000086100000| PB 0x0000000086000000| Untracked 
|  97|0x0000000086100000, 0x0000000086200000, 0x0000000086200000|100%| O|  |TAMS 0x0000000086200000| PB 0x0000000086100000| Untracked 
|  98|0x0000000086200000, 0x0000000086300000, 0x0000000086300000|100%| O|  |TAMS 0x0000000086300000| PB 0x0000000086200000| Untracked 
|  99|0x0000000086300000, 0x0000000086400000, 0x0000000086400000|100%| O|  |TAMS 0x0000000086400000| PB 0x0000000086300000| Untracked 
| 100|0x0000000086400000, 0x0000000086500000, 0x0000000086500000|100%| O|  |TAMS 0x0000000086500000| PB 0x0000000086400000| Untracked 
| 101|0x0000000086500000, 0x0000000086600000, 0x0000000086600000|100%| O|  |TAMS 0x0000000086600000| PB 0x0000000086500000| Untracked 
| 102|0x0000000086600000, 0x0000000086700000, 0x0000000086700000|100%|HS|  |TAMS 0x0000000086700000| PB 0x0000000086600000| Complete 
| 103|0x0000000086700000, 0x0000000086800000, 0x0000000086800000|100%| O|  |TAMS 0x0000000086800000| PB 0x0000000086700000| Untracked 
| 104|0x0000000086800000, 0x0000000086900000, 0x0000000086900000|100%| O|  |TAMS 0x0000000086900000| PB 0x0000000086800000| Untracked 
| 105|0x0000000086900000, 0x0000000086a00000, 0x0000000086a00000|100%| O|  |TAMS 0x0000000086a00000| PB 0x0000000086900000| Untracked 
| 106|0x0000000086a00000, 0x0000000086b00000, 0x0000000086b00000|100%| O|  |TAMS 0x0000000086b00000| PB 0x0000000086a00000| Untracked 
| 107|0x0000000086b00000, 0x0000000086c00000, 0x0000000086c00000|100%| O|  |TAMS 0x0000000086c00000| PB 0x0000000086b00000| Untracked 
| 108|0x0000000086c00000, 0x0000000086d00000, 0x0000000086d00000|100%| O|  |TAMS 0x0000000086d00000| PB 0x0000000086c00000| Untracked 
| 109|0x0000000086d00000, 0x0000000086e00000, 0x0000000086e00000|100%| O|  |TAMS 0x0000000086e00000| PB 0x0000000086d00000| Untracked 
| 110|0x0000000086e00000, 0x0000000086f00000, 0x0000000086f00000|100%| O|  |TAMS 0x0000000086f00000| PB 0x0000000086e00000| Untracked 
| 111|0x0000000086f00000, 0x0000000087000000, 0x0000000087000000|100%| O|  |TAMS 0x0000000087000000| PB 0x0000000086f00000| Untracked 
| 112|0x0000000087000000, 0x0000000087100000, 0x0000000087100000|100%| O|  |TAMS 0x0000000087100000| PB 0x0000000087000000| Untracked 
| 113|0x0000000087100000, 0x0000000087200000, 0x0000000087200000|100%| O|  |TAMS 0x0000000087200000| PB 0x0000000087100000| Untracked 
| 114|0x0000000087200000, 0x0000000087300000, 0x0000000087300000|100%| O|  |TAMS 0x0000000087200000| PB 0x0000000087200000| Untracked 
| 115|0x0000000087300000, 0x0000000087400000, 0x0000000087400000|100%| O|  |TAMS 0x0000000087300000| PB 0x0000000087300000| Untracked 
| 116|0x0000000087400000, 0x0000000087500000, 0x0000000087500000|100%| O|  |TAMS 0x0000000087500000| PB 0x0000000087400000| Untracked 
| 117|0x0000000087500000, 0x0000000087600000, 0x0000000087600000|100%| O|  |TAMS 0x0000000087600000| PB 0x0000000087500000| Untracked 
| 118|0x0000000087600000, 0x0000000087700000, 0x0000000087700000|100%| O|  |TAMS 0x0000000087700000| PB 0x0000000087600000| Untracked 
| 119|0x0000000087700000, 0x0000000087800000, 0x0000000087800000|100%| O|  |TAMS 0x0000000087800000| PB 0x0000000087700000| Untracked 
| 120|0x0000000087800000, 0x0000000087900000, 0x0000000087900000|100%| O|  |TAMS 0x0000000087900000| PB 0x0000000087800000| Untracked 
| 121|0x0000000087900000, 0x0000000087a00000, 0x0000000087a00000|100%| O|  |TAMS 0x0000000087a00000| PB 0x0000000087900000| Untracked 
| 122|0x0000000087a00000, 0x0000000087b00000, 0x0000000087b00000|100%| O|  |TAMS 0x0000000087b00000| PB 0x0000000087a00000| Untracked 
| 123|0x0000000087b00000, 0x0000000087c00000, 0x0000000087c00000|100%| O|  |TAMS 0x0000000087c00000| PB 0x0000000087b00000| Untracked 
| 124|0x0000000087c00000, 0x0000000087d00000, 0x0000000087d00000|100%| O|  |TAMS 0x0000000087d00000| PB 0x0000000087c00000| Untracked 
| 125|0x0000000087d00000, 0x0000000087e00000, 0x0000000087e00000|100%| O|  |TAMS 0x0000000087e00000| PB 0x0000000087d00000| Untracked 
| 126|0x0000000087e00000, 0x0000000087f00000, 0x0000000087f00000|100%| O|  |TAMS 0x0000000087e00000| PB 0x0000000087e00000| Untracked 
| 127|0x0000000087f00000, 0x0000000088000000, 0x0000000088000000|100%| O|  |TAMS 0x0000000088000000| PB 0x0000000087f00000| Untracked 
| 128|0x0000000088000000, 0x0000000088100000, 0x0000000088100000|100%| O|  |TAMS 0x0000000088100000| PB 0x0000000088000000| Untracked 
| 129|0x0000000088100000, 0x0000000088200000, 0x0000000088200000|100%| O|  |TAMS 0x0000000088200000| PB 0x0000000088100000| Untracked 
| 130|0x0000000088200000, 0x0000000088300000, 0x0000000088300000|100%| O|  |TAMS 0x0000000088200000| PB 0x0000000088200000| Untracked 
| 131|0x0000000088300000, 0x0000000088400000, 0x0000000088400000|100%| O|  |TAMS 0x0000000088400000| PB 0x0000000088300000| Untracked 
| 132|0x0000000088400000, 0x0000000088500000, 0x0000000088500000|100%| O|  |TAMS 0x0000000088500000| PB 0x0000000088400000| Untracked 
| 133|0x0000000088500000, 0x0000000088600000, 0x0000000088600000|100%| O|  |TAMS 0x0000000088600000| PB 0x0000000088500000| Untracked 
| 134|0x0000000088600000, 0x0000000088700000, 0x0000000088700000|100%| O|  |TAMS 0x0000000088700000| PB 0x0000000088600000| Untracked 
| 135|0x0000000088700000, 0x0000000088800000, 0x0000000088800000|100%| O|  |TAMS 0x0000000088800000| PB 0x0000000088700000| Untracked 
| 136|0x0000000088800000, 0x0000000088900000, 0x0000000088900000|100%| O|  |TAMS 0x0000000088900000| PB 0x0000000088800000| Untracked 
| 137|0x0000000088900000, 0x0000000088a00000, 0x0000000088a00000|100%| O|  |TAMS 0x0000000088a00000| PB 0x0000000088900000| Untracked 
| 138|0x0000000088a00000, 0x0000000088b00000, 0x0000000088b00000|100%| O|  |TAMS 0x0000000088b00000| PB 0x0000000088a00000| Untracked 
| 139|0x0000000088b00000, 0x0000000088c00000, 0x0000000088c00000|100%| O|  |TAMS 0x0000000088c00000| PB 0x0000000088b00000| Untracked 
| 140|0x0000000088c00000, 0x0000000088d00000, 0x0000000088d00000|100%| O|  |TAMS 0x0000000088d00000| PB 0x0000000088c00000| Untracked 
| 141|0x0000000088d00000, 0x0000000088e00000, 0x0000000088e00000|100%| O|  |TAMS 0x0000000088e00000| PB 0x0000000088d00000| Untracked 
| 142|0x0000000088e00000, 0x0000000088f00000, 0x0000000088f00000|100%| O|  |TAMS 0x0000000088f00000| PB 0x0000000088e00000| Untracked 
| 143|0x0000000088f00000, 0x0000000089000000, 0x0000000089000000|100%| O|  |TAMS 0x0000000089000000| PB 0x0000000088f00000| Untracked 
| 144|0x0000000089000000, 0x0000000089100000, 0x0000000089100000|100%| O|  |TAMS 0x0000000089100000| PB 0x0000000089000000| Untracked 
| 145|0x0000000089100000, 0x0000000089200000, 0x0000000089200000|100%| O|  |TAMS 0x0000000089200000| PB 0x0000000089100000| Untracked 
| 146|0x0000000089200000, 0x0000000089300000, 0x0000000089300000|100%| O|  |TAMS 0x0000000089300000| PB 0x0000000089200000| Untracked 
| 147|0x0000000089300000, 0x0000000089400000, 0x0000000089400000|100%| O|  |TAMS 0x0000000089400000| PB 0x0000000089300000| Untracked 
| 148|0x0000000089400000, 0x0000000089500000, 0x0000000089500000|100%| O|  |TAMS 0x0000000089500000| PB 0x0000000089400000| Untracked 
| 149|0x0000000089500000, 0x0000000089600000, 0x0000000089600000|100%| O|  |TAMS 0x0000000089600000| PB 0x0000000089500000| Untracked 
| 150|0x0000000089600000, 0x0000000089700000, 0x0000000089700000|100%| O|  |TAMS 0x0000000089700000| PB 0x0000000089600000| Untracked 
| 151|0x0000000089700000, 0x0000000089800000, 0x0000000089800000|100%| O|  |TAMS 0x0000000089800000| PB 0x0000000089700000| Untracked 
| 152|0x0000000089800000, 0x0000000089900000, 0x0000000089900000|100%| O|  |TAMS 0x0000000089900000| PB 0x0000000089800000| Untracked 
| 153|0x0000000089900000, 0x0000000089a00000, 0x0000000089a00000|100%| O|  |TAMS 0x0000000089a00000| PB 0x0000000089900000| Untracked 
| 154|0x0000000089a00000, 0x0000000089b00000, 0x0000000089b00000|100%| O|  |TAMS 0x0000000089b00000| PB 0x0000000089a00000| Untracked 
| 155|0x0000000089b00000, 0x0000000089c00000, 0x0000000089c00000|100%| O|  |TAMS 0x0000000089c00000| PB 0x0000000089b00000| Untracked 
| 156|0x0000000089c00000, 0x0000000089d00000, 0x0000000089d00000|100%| O|  |TAMS 0x0000000089d00000| PB 0x0000000089c00000| Untracked 
| 157|0x0000000089d00000, 0x0000000089e00000, 0x0000000089e00000|100%|HS|  |TAMS 0x0000000089e00000| PB 0x0000000089d00000| Complete 
| 158|0x0000000089e00000, 0x0000000089f00000, 0x0000000089f00000|100%|HC|  |TAMS 0x0000000089f00000| PB 0x0000000089e00000| Complete 
| 159|0x0000000089f00000, 0x000000008a000000, 0x000000008a000000|100%|HC|  |TAMS 0x000000008a000000| PB 0x0000000089f00000| Complete 
| 160|0x000000008a000000, 0x000000008a100000, 0x000000008a100000|100%|HC|  |TAMS 0x000000008a100000| PB 0x000000008a000000| Complete 
| 161|0x000000008a100000, 0x000000008a200000, 0x000000008a200000|100%|HC|  |TAMS 0x000000008a200000| PB 0x000000008a100000| Complete 
| 162|0x000000008a200000, 0x000000008a300000, 0x000000008a300000|100%|HC|  |TAMS 0x000000008a300000| PB 0x000000008a200000| Complete 
| 163|0x000000008a300000, 0x000000008a400000, 0x000000008a400000|100%|HC|  |TAMS 0x000000008a400000| PB 0x000000008a300000| Complete 
| 164|0x000000008a400000, 0x000000008a500000, 0x000000008a500000|100%|HC|  |TAMS 0x000000008a500000| PB 0x000000008a400000| Complete 
| 165|0x000000008a500000, 0x000000008a600000, 0x000000008a600000|100%| O|  |TAMS 0x000000008a600000| PB 0x000000008a500000| Untracked 
| 166|0x000000008a600000, 0x000000008a700000, 0x000000008a700000|100%| O|  |TAMS 0x000000008a700000| PB 0x000000008a600000| Untracked 
| 167|0x000000008a700000, 0x000000008a800000, 0x000000008a800000|100%| O|  |TAMS 0x000000008a700000| PB 0x000000008a700000| Untracked 
| 168|0x000000008a800000, 0x000000008a900000, 0x000000008a900000|100%| O|  |TAMS 0x000000008a900000| PB 0x000000008a800000| Untracked 
| 169|0x000000008a900000, 0x000000008aa00000, 0x000000008aa00000|100%| O|  |TAMS 0x000000008aa00000| PB 0x000000008a900000| Untracked 
| 170|0x000000008aa00000, 0x000000008ab00000, 0x000000008ab00000|100%| O|  |TAMS 0x000000008ab00000| PB 0x000000008aa00000| Untracked 
| 171|0x000000008ab00000, 0x000000008ac00000, 0x000000008ac00000|100%| O|  |TAMS 0x000000008ac00000| PB 0x000000008ab00000| Untracked 
| 172|0x000000008ac00000, 0x000000008ad00000, 0x000000008ad00000|100%| O|  |TAMS 0x000000008ad00000| PB 0x000000008ac00000| Untracked 
| 173|0x000000008ad00000, 0x000000008ae00000, 0x000000008ae00000|100%| O|  |TAMS 0x000000008ae00000| PB 0x000000008ad00000| Untracked 
| 174|0x000000008ae00000, 0x000000008af00000, 0x000000008af00000|100%| O|  |TAMS 0x000000008af00000| PB 0x000000008ae00000| Untracked 
| 175|0x000000008af00000, 0x000000008b000000, 0x000000008b000000|100%| O|  |TAMS 0x000000008b000000| PB 0x000000008af00000| Untracked 
| 176|0x000000008b000000, 0x000000008b100000, 0x000000008b100000|100%| O|  |TAMS 0x000000008b100000| PB 0x000000008b000000| Untracked 
| 177|0x000000008b100000, 0x000000008b200000, 0x000000008b200000|100%| O|  |TAMS 0x000000008b200000| PB 0x000000008b100000| Untracked 
| 178|0x000000008b200000, 0x000000008b300000, 0x000000008b300000|100%| O|  |TAMS 0x000000008b300000| PB 0x000000008b200000| Untracked 
| 179|0x000000008b300000, 0x000000008b400000, 0x000000008b400000|100%| O|  |TAMS 0x000000008b400000| PB 0x000000008b300000| Untracked 
| 180|0x000000008b400000, 0x000000008b500000, 0x000000008b500000|100%| O|  |TAMS 0x000000008b500000| PB 0x000000008b400000| Untracked 
| 181|0x000000008b500000, 0x000000008b600000, 0x000000008b600000|100%| O|  |TAMS 0x000000008b600000| PB 0x000000008b500000| Untracked 
| 182|0x000000008b600000, 0x000000008b700000, 0x000000008b700000|100%| O|  |TAMS 0x000000008b700000| PB 0x000000008b600000| Untracked 
| 183|0x000000008b700000, 0x000000008b800000, 0x000000008b800000|100%| O|  |TAMS 0x000000008b800000| PB 0x000000008b700000| Untracked 
| 184|0x000000008b800000, 0x000000008b900000, 0x000000008b900000|100%| O|  |TAMS 0x000000008b900000| PB 0x000000008b800000| Untracked 
| 185|0x000000008b900000, 0x000000008ba00000, 0x000000008ba00000|100%| O|  |TAMS 0x000000008ba00000| PB 0x000000008b900000| Untracked 
| 186|0x000000008ba00000, 0x000000008bb00000, 0x000000008bb00000|100%| O|  |TAMS 0x000000008bb00000| PB 0x000000008ba00000| Untracked 
| 187|0x000000008bb00000, 0x000000008bc00000, 0x000000008bc00000|100%| O|  |TAMS 0x000000008bc00000| PB 0x000000008bb00000| Untracked 
| 188|0x000000008bc00000, 0x000000008bd00000, 0x000000008bd00000|100%| O|  |TAMS 0x000000008bd00000| PB 0x000000008bc00000| Untracked 
| 189|0x000000008bd00000, 0x000000008be00000, 0x000000008be00000|100%|HS|  |TAMS 0x000000008be00000| PB 0x000000008bd00000| Complete 
| 190|0x000000008be00000, 0x000000008bf00000, 0x000000008bf00000|100%|HC|  |TAMS 0x000000008bf00000| PB 0x000000008be00000| Complete 
| 191|0x000000008bf00000, 0x000000008c000000, 0x000000008c000000|100%| O|  |TAMS 0x000000008c000000| PB 0x000000008bf00000| Untracked 
| 192|0x000000008c000000, 0x000000008c100000, 0x000000008c100000|100%| O|  |TAMS 0x000000008c100000| PB 0x000000008c000000| Untracked 
| 193|0x000000008c100000, 0x000000008c200000, 0x000000008c200000|100%| O|  |TAMS 0x000000008c200000| PB 0x000000008c100000| Untracked 
| 194|0x000000008c200000, 0x000000008c300000, 0x000000008c300000|100%| O|  |TAMS 0x000000008c300000| PB 0x000000008c200000| Untracked 
| 195|0x000000008c300000, 0x000000008c400000, 0x000000008c400000|100%| O|  |TAMS 0x000000008c400000| PB 0x000000008c300000| Untracked 
| 196|0x000000008c400000, 0x000000008c500000, 0x000000008c500000|100%| O|  |TAMS 0x000000008c500000| PB 0x000000008c400000| Untracked 
| 197|0x000000008c500000, 0x000000008c600000, 0x000000008c600000|100%| O|  |TAMS 0x000000008c600000| PB 0x000000008c500000| Untracked 
| 198|0x000000008c600000, 0x000000008c700000, 0x000000008c700000|100%| O|  |TAMS 0x000000008c700000| PB 0x000000008c600000| Untracked 
| 199|0x000000008c700000, 0x000000008c800000, 0x000000008c800000|100%| O|  |TAMS 0x000000008c800000| PB 0x000000008c700000| Untracked 
| 200|0x000000008c800000, 0x000000008c900000, 0x000000008c900000|100%| O|  |TAMS 0x000000008c900000| PB 0x000000008c800000| Untracked 
| 201|0x000000008c900000, 0x000000008ca00000, 0x000000008ca00000|100%| O|  |TAMS 0x000000008ca00000| PB 0x000000008c900000| Untracked 
| 202|0x000000008ca00000, 0x000000008cb00000, 0x000000008cb00000|100%| O|  |TAMS 0x000000008cb00000| PB 0x000000008ca00000| Untracked 
| 203|0x000000008cb00000, 0x000000008cc00000, 0x000000008cc00000|100%| O|  |TAMS 0x000000008cc00000| PB 0x000000008cb00000| Untracked 
| 204|0x000000008cc00000, 0x000000008cd00000, 0x000000008cd00000|100%| O|  |TAMS 0x000000008cd00000| PB 0x000000008cc00000| Untracked 
| 205|0x000000008cd00000, 0x000000008ce00000, 0x000000008ce00000|100%| O|  |TAMS 0x000000008ce00000| PB 0x000000008cd00000| Untracked 
| 206|0x000000008ce00000, 0x000000008cf00000, 0x000000008cf00000|100%| O|  |TAMS 0x000000008cf00000| PB 0x000000008ce00000| Untracked 
| 207|0x000000008cf00000, 0x000000008d000000, 0x000000008d000000|100%| O|  |TAMS 0x000000008d000000| PB 0x000000008cf00000| Untracked 
| 208|0x000000008d000000, 0x000000008d100000, 0x000000008d100000|100%| O|  |TAMS 0x000000008d100000| PB 0x000000008d000000| Untracked 
| 209|0x000000008d100000, 0x000000008d200000, 0x000000008d200000|100%| O|  |TAMS 0x000000008d200000| PB 0x000000008d100000| Untracked 
| 210|0x000000008d200000, 0x000000008d300000, 0x000000008d300000|100%| O|  |TAMS 0x000000008d300000| PB 0x000000008d200000| Untracked 
| 211|0x000000008d300000, 0x000000008d400000, 0x000000008d400000|100%| O|  |TAMS 0x000000008d400000| PB 0x000000008d300000| Untracked 
| 212|0x000000008d400000, 0x000000008d500000, 0x000000008d500000|100%| O|  |TAMS 0x000000008d500000| PB 0x000000008d400000| Untracked 
| 213|0x000000008d500000, 0x000000008d600000, 0x000000008d600000|100%| O|  |TAMS 0x000000008d600000| PB 0x000000008d500000| Untracked 
| 214|0x000000008d600000, 0x000000008d700000, 0x000000008d700000|100%| O|  |TAMS 0x000000008d700000| PB 0x000000008d600000| Untracked 
| 215|0x000000008d700000, 0x000000008d800000, 0x000000008d800000|100%| O|  |TAMS 0x000000008d800000| PB 0x000000008d700000| Untracked 
| 216|0x000000008d800000, 0x000000008d900000, 0x000000008d900000|100%| O|  |TAMS 0x000000008d900000| PB 0x000000008d800000| Untracked 
| 217|0x000000008d900000, 0x000000008da00000, 0x000000008da00000|100%| O|  |TAMS 0x000000008da00000| PB 0x000000008d900000| Untracked 
| 218|0x000000008da00000, 0x000000008db00000, 0x000000008db00000|100%| O|  |TAMS 0x000000008db00000| PB 0x000000008da00000| Untracked 
| 219|0x000000008db00000, 0x000000008dc00000, 0x000000008dc00000|100%| O|  |TAMS 0x000000008dc00000| PB 0x000000008db00000| Untracked 
| 220|0x000000008dc00000, 0x000000008dd00000, 0x000000008dd00000|100%| O|  |TAMS 0x000000008dd00000| PB 0x000000008dc00000| Untracked 
| 221|0x000000008dd00000, 0x000000008de00000, 0x000000008de00000|100%|HS|  |TAMS 0x000000008de00000| PB 0x000000008dd00000| Complete 
| 222|0x000000008de00000, 0x000000008df00000, 0x000000008df00000|100%|HC|  |TAMS 0x000000008df00000| PB 0x000000008de00000| Complete 
| 223|0x000000008df00000, 0x000000008e000000, 0x000000008e000000|100%| O|  |TAMS 0x000000008e000000| PB 0x000000008df00000| Untracked 
| 224|0x000000008e000000, 0x000000008e100000, 0x000000008e100000|100%| O|  |TAMS 0x000000008e100000| PB 0x000000008e000000| Untracked 
| 225|0x000000008e100000, 0x000000008e200000, 0x000000008e200000|100%| O|  |TAMS 0x000000008e200000| PB 0x000000008e100000| Untracked 
| 226|0x000000008e200000, 0x000000008e300000, 0x000000008e300000|100%| O|  |TAMS 0x000000008e300000| PB 0x000000008e200000| Untracked 
| 227|0x000000008e300000, 0x000000008e400000, 0x000000008e400000|100%| O|  |TAMS 0x000000008e400000| PB 0x000000008e300000| Untracked 
| 228|0x000000008e400000, 0x000000008e500000, 0x000000008e500000|100%| O|  |TAMS 0x000000008e500000| PB 0x000000008e400000| Untracked 
| 229|0x000000008e500000, 0x000000008e600000, 0x000000008e600000|100%| O|  |TAMS 0x000000008e600000| PB 0x000000008e500000| Untracked 
| 230|0x000000008e600000, 0x000000008e700000, 0x000000008e700000|100%| O|  |TAMS 0x000000008e700000| PB 0x000000008e600000| Untracked 
| 231|0x000000008e700000, 0x000000008e800000, 0x000000008e800000|100%| O|  |TAMS 0x000000008e800000| PB 0x000000008e700000| Untracked 
| 232|0x000000008e800000, 0x000000008e900000, 0x000000008e900000|100%| O|  |TAMS 0x000000008e900000| PB 0x000000008e800000| Untracked 
| 233|0x000000008e900000, 0x000000008ea00000, 0x000000008ea00000|100%| O|  |TAMS 0x000000008ea00000| PB 0x000000008e900000| Untracked 
| 234|0x000000008ea00000, 0x000000008eb00000, 0x000000008eb00000|100%| O|  |TAMS 0x000000008eb00000| PB 0x000000008ea00000| Untracked 
| 235|0x000000008eb00000, 0x000000008ec00000, 0x000000008ec00000|100%| O|  |TAMS 0x000000008ec00000| PB 0x000000008eb00000| Untracked 
| 236|0x000000008ec00000, 0x000000008ed00000, 0x000000008ed00000|100%| O|  |TAMS 0x000000008ed00000| PB 0x000000008ec00000| Untracked 
| 237|0x000000008ed00000, 0x000000008ee00000, 0x000000008ee00000|100%| O|  |TAMS 0x000000008ee00000| PB 0x000000008ed00000| Untracked 
| 238|0x000000008ee00000, 0x000000008ef00000, 0x000000008ef00000|100%| O|  |TAMS 0x000000008ef00000| PB 0x000000008ee00000| Untracked 
| 239|0x000000008ef00000, 0x000000008f000000, 0x000000008f000000|100%| O|  |TAMS 0x000000008f000000| PB 0x000000008ef00000| Untracked 
| 240|0x000000008f000000, 0x000000008f100000, 0x000000008f100000|100%| O|  |TAMS 0x000000008f100000| PB 0x000000008f000000| Untracked 
| 241|0x000000008f100000, 0x000000008f200000, 0x000000008f200000|100%| O|  |TAMS 0x000000008f200000| PB 0x000000008f100000| Untracked 
| 242|0x000000008f200000, 0x000000008f300000, 0x000000008f300000|100%| O|  |TAMS 0x000000008f300000| PB 0x000000008f200000| Untracked 
| 243|0x000000008f300000, 0x000000008f400000, 0x000000008f400000|100%| O|  |TAMS 0x000000008f400000| PB 0x000000008f300000| Untracked 
| 244|0x000000008f400000, 0x000000008f500000, 0x000000008f500000|100%| O|  |TAMS 0x000000008f500000| PB 0x000000008f400000| Untracked 
| 245|0x000000008f500000, 0x000000008f600000, 0x000000008f600000|100%| O|  |TAMS 0x000000008f600000| PB 0x000000008f500000| Untracked 
| 246|0x000000008f600000, 0x000000008f700000, 0x000000008f700000|100%| O|  |TAMS 0x000000008f700000| PB 0x000000008f600000| Untracked 
| 247|0x000000008f700000, 0x000000008f800000, 0x000000008f800000|100%| O|  |TAMS 0x000000008f800000| PB 0x000000008f700000| Untracked 
| 248|0x000000008f800000, 0x000000008f900000, 0x000000008f900000|100%| O|  |TAMS 0x000000008f900000| PB 0x000000008f800000| Untracked 
| 249|0x000000008f900000, 0x000000008fa00000, 0x000000008fa00000|100%| O|  |TAMS 0x000000008f900000| PB 0x000000008f900000| Untracked 
| 250|0x000000008fa00000, 0x000000008fb00000, 0x000000008fb00000|100%| O|  |TAMS 0x000000008fb00000| PB 0x000000008fa00000| Untracked 
| 251|0x000000008fb00000, 0x000000008fc00000, 0x000000008fc00000|100%| O|  |TAMS 0x000000008fc00000| PB 0x000000008fb00000| Untracked 
| 252|0x000000008fc00000, 0x000000008fd00000, 0x000000008fd00000|100%| O|  |TAMS 0x000000008fd00000| PB 0x000000008fc00000| Untracked 
| 253|0x000000008fd00000, 0x000000008fe00000, 0x000000008fe00000|100%| O|  |TAMS 0x000000008fe00000| PB 0x000000008fd00000| Untracked 
| 254|0x000000008fe00000, 0x000000008ff00000, 0x000000008ff00000|100%| O|  |TAMS 0x000000008ff00000| PB 0x000000008fe00000| Untracked 
| 255|0x000000008ff00000, 0x0000000090000000, 0x0000000090000000|100%| O|  |TAMS 0x0000000090000000| PB 0x000000008ff00000| Untracked 
| 256|0x0000000090000000, 0x0000000090100000, 0x0000000090100000|100%| O|  |TAMS 0x0000000090100000| PB 0x0000000090000000| Untracked 
| 257|0x0000000090100000, 0x0000000090200000, 0x0000000090200000|100%| O|  |TAMS 0x0000000090200000| PB 0x0000000090100000| Untracked 
| 258|0x0000000090200000, 0x0000000090300000, 0x0000000090300000|100%| O|  |TAMS 0x0000000090300000| PB 0x0000000090200000| Untracked 
| 259|0x0000000090300000, 0x0000000090400000, 0x0000000090400000|100%| O|  |TAMS 0x0000000090400000| PB 0x0000000090300000| Untracked 
| 260|0x0000000090400000, 0x0000000090500000, 0x0000000090500000|100%| O|  |TAMS 0x0000000090500000| PB 0x0000000090400000| Untracked 
| 261|0x0000000090500000, 0x0000000090600000, 0x0000000090600000|100%| O|  |TAMS 0x0000000090600000| PB 0x0000000090500000| Untracked 
| 262|0x0000000090600000, 0x0000000090700000, 0x0000000090700000|100%| O|  |TAMS 0x0000000090700000| PB 0x0000000090600000| Untracked 
| 263|0x0000000090700000, 0x0000000090800000, 0x0000000090800000|100%| O|  |TAMS 0x0000000090800000| PB 0x0000000090700000| Untracked 
| 264|0x0000000090800000, 0x0000000090900000, 0x0000000090900000|100%| O|  |TAMS 0x0000000090800000| PB 0x0000000090800000| Untracked 
| 265|0x0000000090900000, 0x0000000090a00000, 0x0000000090a00000|100%| O|  |TAMS 0x0000000090900000| PB 0x0000000090900000| Untracked 
| 266|0x0000000090a00000, 0x0000000090b00000, 0x0000000090b00000|100%| O|  |TAMS 0x0000000090b00000| PB 0x0000000090a00000| Untracked 
| 267|0x0000000090b00000, 0x0000000090c00000, 0x0000000090c00000|100%| O|  |TAMS 0x0000000090c00000| PB 0x0000000090b00000| Untracked 
| 268|0x0000000090c00000, 0x0000000090d00000, 0x0000000090d00000|100%| O|  |TAMS 0x0000000090d00000| PB 0x0000000090c00000| Untracked 
| 269|0x0000000090d00000, 0x0000000090e00000, 0x0000000090e00000|100%| O|  |TAMS 0x0000000090e00000| PB 0x0000000090d00000| Untracked 
| 270|0x0000000090e00000, 0x0000000090f00000, 0x0000000090f00000|100%| O|  |TAMS 0x0000000090e00000| PB 0x0000000090e00000| Untracked 
| 271|0x0000000090f00000, 0x0000000091000000, 0x0000000091000000|100%| O|  |TAMS 0x0000000090f00000| PB 0x0000000090f00000| Untracked 
| 272|0x0000000091000000, 0x0000000091100000, 0x0000000091100000|100%| O|  |TAMS 0x0000000091000000| PB 0x0000000091000000| Untracked 
| 273|0x0000000091100000, 0x0000000091200000, 0x0000000091200000|100%| O|  |TAMS 0x0000000091100000| PB 0x0000000091100000| Untracked 
| 274|0x0000000091200000, 0x0000000091300000, 0x0000000091300000|100%| O|  |TAMS 0x0000000091200000| PB 0x0000000091200000| Untracked 
| 275|0x0000000091300000, 0x0000000091400000, 0x0000000091400000|100%| O|  |TAMS 0x0000000091300000| PB 0x0000000091300000| Untracked 
| 276|0x0000000091400000, 0x0000000091500000, 0x0000000091500000|100%| O|  |TAMS 0x0000000091400000| PB 0x0000000091400000| Untracked 
| 277|0x0000000091500000, 0x0000000091600000, 0x0000000091600000|100%| O|  |TAMS 0x0000000091500000| PB 0x0000000091500000| Untracked 
| 278|0x0000000091600000, 0x0000000091700000, 0x0000000091700000|100%| O|  |TAMS 0x0000000091600000| PB 0x0000000091600000| Untracked 
| 279|0x0000000091700000, 0x0000000091800000, 0x0000000091800000|100%| O|  |TAMS 0x0000000091700000| PB 0x0000000091700000| Untracked 
| 280|0x0000000091800000, 0x0000000091900000, 0x0000000091900000|100%| O|  |TAMS 0x0000000091800000| PB 0x0000000091800000| Untracked 
| 281|0x0000000091900000, 0x0000000091a00000, 0x0000000091a00000|100%| O|  |TAMS 0x0000000091900000| PB 0x0000000091900000| Untracked 
| 282|0x0000000091a00000, 0x0000000091b00000, 0x0000000091b00000|100%| O|  |TAMS 0x0000000091a00000| PB 0x0000000091a00000| Untracked 
| 283|0x0000000091b00000, 0x0000000091c00000, 0x0000000091c00000|100%| O|  |TAMS 0x0000000091b00000| PB 0x0000000091b00000| Untracked 
| 284|0x0000000091c00000, 0x0000000091d00000, 0x0000000091d00000|100%| O|  |TAMS 0x0000000091c00000| PB 0x0000000091c00000| Untracked 
| 285|0x0000000091d00000, 0x0000000091e00000, 0x0000000091e00000|100%| O|  |TAMS 0x0000000091d00000| PB 0x0000000091d00000| Untracked 
| 286|0x0000000091e00000, 0x0000000091f00000, 0x0000000091f00000|100%| O|  |TAMS 0x0000000091e00000| PB 0x0000000091e00000| Untracked 
| 287|0x0000000091f00000, 0x0000000092000000, 0x0000000092000000|100%| O|  |TAMS 0x0000000091f00000| PB 0x0000000091f00000| Untracked 
| 288|0x0000000092000000, 0x0000000092100000, 0x0000000092100000|100%| O|  |TAMS 0x0000000092000000| PB 0x0000000092000000| Untracked 
| 289|0x0000000092100000, 0x00000000921ccc40, 0x0000000092200000| 79%| O|  |TAMS 0x0000000092100000| PB 0x0000000092100000| Untracked 
| 290|0x0000000092200000, 0x0000000092200000, 0x0000000092300000|  0%| F|  |TAMS 0x0000000092200000| PB 0x0000000092200000| Untracked 
| 291|0x0000000092300000, 0x0000000092300000, 0x0000000092400000|  0%| F|  |TAMS 0x0000000092300000| PB 0x0000000092300000| Untracked 
| 292|0x0000000092400000, 0x0000000092400000, 0x0000000092500000|  0%| F|  |TAMS 0x0000000092400000| PB 0x0000000092400000| Untracked 
| 293|0x0000000092500000, 0x0000000092500000, 0x0000000092600000|  0%| F|  |TAMS 0x0000000092500000| PB 0x0000000092500000| Untracked 
| 294|0x0000000092600000, 0x0000000092600000, 0x0000000092700000|  0%| F|  |TAMS 0x0000000092600000| PB 0x0000000092600000| Untracked 
| 295|0x0000000092700000, 0x0000000092700000, 0x0000000092800000|  0%| F|  |TAMS 0x0000000092700000| PB 0x0000000092700000| Untracked 
| 296|0x0000000092800000, 0x0000000092800000, 0x0000000092900000|  0%| F|  |TAMS 0x0000000092800000| PB 0x0000000092800000| Untracked 
| 297|0x0000000092900000, 0x0000000092900000, 0x0000000092a00000|  0%| F|  |TAMS 0x0000000092900000| PB 0x0000000092900000| Untracked 
| 298|0x0000000092a00000, 0x0000000092a00000, 0x0000000092b00000|  0%| F|  |TAMS 0x0000000092a00000| PB 0x0000000092a00000| Untracked 
| 299|0x0000000092b00000, 0x0000000092b00000, 0x0000000092c00000|  0%| F|  |TAMS 0x0000000092b00000| PB 0x0000000092b00000| Untracked 
| 300|0x0000000092c00000, 0x0000000092c00000, 0x0000000092d00000|  0%| F|  |TAMS 0x0000000092c00000| PB 0x0000000092c00000| Untracked 
| 301|0x0000000092d00000, 0x0000000092d00000, 0x0000000092e00000|  0%| F|  |TAMS 0x0000000092d00000| PB 0x0000000092d00000| Untracked 
| 302|0x0000000092e00000, 0x0000000092e00000, 0x0000000092f00000|  0%| F|  |TAMS 0x0000000092e00000| PB 0x0000000092e00000| Untracked 
| 303|0x0000000092f00000, 0x0000000092f00000, 0x0000000093000000|  0%| F|  |TAMS 0x0000000092f00000| PB 0x0000000092f00000| Untracked 
| 304|0x0000000093000000, 0x0000000093000000, 0x0000000093100000|  0%| F|  |TAMS 0x0000000093000000| PB 0x0000000093000000| Untracked 
| 305|0x0000000093100000, 0x0000000093100000, 0x0000000093200000|  0%| F|  |TAMS 0x0000000093100000| PB 0x0000000093100000| Untracked 
| 306|0x0000000093200000, 0x0000000093200000, 0x0000000093300000|  0%| F|  |TAMS 0x0000000093200000| PB 0x0000000093200000| Untracked 
| 307|0x0000000093300000, 0x0000000093300000, 0x0000000093400000|  0%| F|  |TAMS 0x0000000093300000| PB 0x0000000093300000| Untracked 
| 308|0x0000000093400000, 0x0000000093400000, 0x0000000093500000|  0%| F|  |TAMS 0x0000000093400000| PB 0x0000000093400000| Untracked 
| 309|0x0000000093500000, 0x0000000093500000, 0x0000000093600000|  0%| F|  |TAMS 0x0000000093500000| PB 0x0000000093500000| Untracked 
| 310|0x0000000093600000, 0x0000000093600000, 0x0000000093700000|  0%| F|  |TAMS 0x0000000093600000| PB 0x0000000093600000| Untracked 
| 311|0x0000000093700000, 0x0000000093700000, 0x0000000093800000|  0%| F|  |TAMS 0x0000000093700000| PB 0x0000000093700000| Untracked 
| 312|0x0000000093800000, 0x0000000093900000, 0x0000000093900000|100%| S|CS|TAMS 0x0000000093800000| PB 0x0000000093800000| Complete 
| 313|0x0000000093900000, 0x0000000093a00000, 0x0000000093a00000|100%| S|CS|TAMS 0x0000000093900000| PB 0x0000000093900000| Complete 
| 314|0x0000000093a00000, 0x0000000093b00000, 0x0000000093b00000|100%| S|CS|TAMS 0x0000000093a00000| PB 0x0000000093a00000| Complete 
| 315|0x0000000093b00000, 0x0000000093c00000, 0x0000000093c00000|100%| S|CS|TAMS 0x0000000093b00000| PB 0x0000000093b00000| Complete 
| 316|0x0000000093c00000, 0x0000000093d00000, 0x0000000093d00000|100%| S|CS|TAMS 0x0000000093c00000| PB 0x0000000093c00000| Complete 
| 317|0x0000000093d00000, 0x0000000093e00000, 0x0000000093e00000|100%| S|CS|TAMS 0x0000000093d00000| PB 0x0000000093d00000| Complete 
| 318|0x0000000093e00000, 0x0000000093f00000, 0x0000000093f00000|100%| S|CS|TAMS 0x0000000093e00000| PB 0x0000000093e00000| Complete 
| 319|0x0000000093f00000, 0x0000000093f00000, 0x0000000094000000|  0%| F|  |TAMS 0x0000000093f00000| PB 0x0000000093f00000| Untracked 
| 320|0x0000000094000000, 0x0000000094000000, 0x0000000094100000|  0%| F|  |TAMS 0x0000000094000000| PB 0x0000000094000000| Untracked 
| 321|0x0000000094100000, 0x0000000094100000, 0x0000000094200000|  0%| F|  |TAMS 0x0000000094100000| PB 0x0000000094100000| Untracked 
| 322|0x0000000094200000, 0x0000000094200000, 0x0000000094300000|  0%| F|  |TAMS 0x0000000094200000| PB 0x0000000094200000| Untracked 
| 323|0x0000000094300000, 0x0000000094300000, 0x0000000094400000|  0%| F|  |TAMS 0x0000000094300000| PB 0x0000000094300000| Untracked 
| 324|0x0000000094400000, 0x0000000094400000, 0x0000000094500000|  0%| F|  |TAMS 0x0000000094400000| PB 0x0000000094400000| Untracked 
| 325|0x0000000094500000, 0x0000000094500000, 0x0000000094600000|  0%| F|  |TAMS 0x0000000094500000| PB 0x0000000094500000| Untracked 
| 326|0x0000000094600000, 0x0000000094600000, 0x0000000094700000|  0%| F|  |TAMS 0x0000000094600000| PB 0x0000000094600000| Untracked 
| 327|0x0000000094700000, 0x0000000094700000, 0x0000000094800000|  0%| F|  |TAMS 0x0000000094700000| PB 0x0000000094700000| Untracked 
| 328|0x0000000094800000, 0x0000000094800000, 0x0000000094900000|  0%| F|  |TAMS 0x0000000094800000| PB 0x0000000094800000| Untracked 
| 329|0x0000000094900000, 0x0000000094900000, 0x0000000094a00000|  0%| F|  |TAMS 0x0000000094900000| PB 0x0000000094900000| Untracked 
| 330|0x0000000094a00000, 0x0000000094a00000, 0x0000000094b00000|  0%| F|  |TAMS 0x0000000094a00000| PB 0x0000000094a00000| Untracked 
| 331|0x0000000094b00000, 0x0000000094b00000, 0x0000000094c00000|  0%| F|  |TAMS 0x0000000094b00000| PB 0x0000000094b00000| Untracked 
| 332|0x0000000094c00000, 0x0000000094c00000, 0x0000000094d00000|  0%| F|  |TAMS 0x0000000094c00000| PB 0x0000000094c00000| Untracked 
| 333|0x0000000094d00000, 0x0000000094d00000, 0x0000000094e00000|  0%| F|  |TAMS 0x0000000094d00000| PB 0x0000000094d00000| Untracked 
| 334|0x0000000094e00000, 0x0000000094e00000, 0x0000000094f00000|  0%| F|  |TAMS 0x0000000094e00000| PB 0x0000000094e00000| Untracked 
| 335|0x0000000094f00000, 0x0000000095000000, 0x0000000095000000|100%| S|CS|TAMS 0x0000000094f00000| PB 0x0000000094f00000| Complete 
| 336|0x0000000095000000, 0x0000000095100000, 0x0000000095100000|100%| S|CS|TAMS 0x0000000095000000| PB 0x0000000095000000| Complete 
| 337|0x0000000095100000, 0x0000000095200000, 0x0000000095200000|100%| S|CS|TAMS 0x0000000095100000| PB 0x0000000095100000| Complete 
| 338|0x0000000095200000, 0x0000000095300000, 0x0000000095300000|100%| S|CS|TAMS 0x0000000095200000| PB 0x0000000095200000| Complete 
| 339|0x0000000095300000, 0x0000000095400000, 0x0000000095400000|100%| S|CS|TAMS 0x0000000095300000| PB 0x0000000095300000| Complete 
| 340|0x0000000095400000, 0x0000000095500000, 0x0000000095500000|100%| S|CS|TAMS 0x0000000095400000| PB 0x0000000095400000| Complete 
| 341|0x0000000095500000, 0x0000000095600000, 0x0000000095600000|100%| S|CS|TAMS 0x0000000095500000| PB 0x0000000095500000| Complete 
| 342|0x0000000095600000, 0x0000000095700000, 0x0000000095700000|100%| S|CS|TAMS 0x0000000095600000| PB 0x0000000095600000| Complete 
| 343|0x0000000095700000, 0x0000000095700000, 0x0000000095800000|  0%| F|  |TAMS 0x0000000095700000| PB 0x0000000095700000| Untracked 
| 344|0x0000000095800000, 0x0000000095800000, 0x0000000095900000|  0%| F|  |TAMS 0x0000000095800000| PB 0x0000000095800000| Untracked 
| 345|0x0000000095900000, 0x0000000095900000, 0x0000000095a00000|  0%| F|  |TAMS 0x0000000095900000| PB 0x0000000095900000| Untracked 
| 346|0x0000000095a00000, 0x0000000095a00000, 0x0000000095b00000|  0%| F|  |TAMS 0x0000000095a00000| PB 0x0000000095a00000| Untracked 
| 347|0x0000000095b00000, 0x0000000095b00000, 0x0000000095c00000|  0%| F|  |TAMS 0x0000000095b00000| PB 0x0000000095b00000| Untracked 
| 348|0x0000000095c00000, 0x0000000095c00000, 0x0000000095d00000|  0%| F|  |TAMS 0x0000000095c00000| PB 0x0000000095c00000| Untracked 
| 349|0x0000000095d00000, 0x0000000095d00000, 0x0000000095e00000|  0%| F|  |TAMS 0x0000000095d00000| PB 0x0000000095d00000| Untracked 
| 350|0x0000000095e00000, 0x0000000095e00000, 0x0000000095f00000|  0%| F|  |TAMS 0x0000000095e00000| PB 0x0000000095e00000| Untracked 
| 351|0x0000000095f00000, 0x0000000095f00000, 0x0000000096000000|  0%| F|  |TAMS 0x0000000095f00000| PB 0x0000000095f00000| Untracked 
| 352|0x0000000096000000, 0x0000000096000000, 0x0000000096100000|  0%| F|  |TAMS 0x0000000096000000| PB 0x0000000096000000| Untracked 
| 353|0x0000000096100000, 0x0000000096100000, 0x0000000096200000|  0%| F|  |TAMS 0x0000000096100000| PB 0x0000000096100000| Untracked 
| 354|0x0000000096200000, 0x0000000096200000, 0x0000000096300000|  0%| F|  |TAMS 0x0000000096200000| PB 0x0000000096200000| Untracked 
| 355|0x0000000096300000, 0x0000000096300000, 0x0000000096400000|  0%| F|  |TAMS 0x0000000096300000| PB 0x0000000096300000| Untracked 
| 356|0x0000000096400000, 0x0000000096400000, 0x0000000096500000|  0%| F|  |TAMS 0x0000000096400000| PB 0x0000000096400000| Untracked 
| 357|0x0000000096500000, 0x0000000096500000, 0x0000000096600000|  0%| F|  |TAMS 0x0000000096500000| PB 0x0000000096500000| Untracked 
| 358|0x0000000096600000, 0x0000000096600000, 0x0000000096700000|  0%| F|  |TAMS 0x0000000096600000| PB 0x0000000096600000| Untracked 
| 359|0x0000000096700000, 0x0000000096700000, 0x0000000096800000|  0%| F|  |TAMS 0x0000000096700000| PB 0x0000000096700000| Untracked 
| 360|0x0000000096800000, 0x0000000096800000, 0x0000000096900000|  0%| F|  |TAMS 0x0000000096800000| PB 0x0000000096800000| Untracked 
| 361|0x0000000096900000, 0x0000000096900000, 0x0000000096a00000|  0%| F|  |TAMS 0x0000000096900000| PB 0x0000000096900000| Untracked 
| 362|0x0000000096a00000, 0x0000000096a00000, 0x0000000096b00000|  0%| F|  |TAMS 0x0000000096a00000| PB 0x0000000096a00000| Untracked 
| 363|0x0000000096b00000, 0x0000000096b00000, 0x0000000096c00000|  0%| F|  |TAMS 0x0000000096b00000| PB 0x0000000096b00000| Untracked 
| 364|0x0000000096c00000, 0x0000000096c00000, 0x0000000096d00000|  0%| F|  |TAMS 0x0000000096c00000| PB 0x0000000096c00000| Untracked 
| 365|0x0000000096d00000, 0x0000000096d00000, 0x0000000096e00000|  0%| F|  |TAMS 0x0000000096d00000| PB 0x0000000096d00000| Untracked 
| 366|0x0000000096e00000, 0x0000000096e00000, 0x0000000096f00000|  0%| F|  |TAMS 0x0000000096e00000| PB 0x0000000096e00000| Untracked 
| 367|0x0000000096f00000, 0x0000000096f00000, 0x0000000097000000|  0%| F|  |TAMS 0x0000000096f00000| PB 0x0000000096f00000| Untracked 
| 368|0x0000000097000000, 0x0000000097000000, 0x0000000097100000|  0%| F|  |TAMS 0x0000000097000000| PB 0x0000000097000000| Untracked 
| 369|0x0000000097100000, 0x0000000097100000, 0x0000000097200000|  0%| F|  |TAMS 0x0000000097100000| PB 0x0000000097100000| Untracked 
| 370|0x0000000097200000, 0x0000000097200000, 0x0000000097300000|  0%| F|  |TAMS 0x0000000097200000| PB 0x0000000097200000| Untracked 
| 371|0x0000000097300000, 0x0000000097300000, 0x0000000097400000|  0%| F|  |TAMS 0x0000000097300000| PB 0x0000000097300000| Untracked 
| 372|0x0000000097400000, 0x0000000097400000, 0x0000000097500000|  0%| F|  |TAMS 0x0000000097400000| PB 0x0000000097400000| Untracked 
| 373|0x0000000097500000, 0x0000000097500000, 0x0000000097600000|  0%| F|  |TAMS 0x0000000097500000| PB 0x0000000097500000| Untracked 
| 374|0x0000000097600000, 0x0000000097600000, 0x0000000097700000|  0%| F|  |TAMS 0x0000000097600000| PB 0x0000000097600000| Untracked 
| 375|0x0000000097700000, 0x0000000097700000, 0x0000000097800000|  0%| F|  |TAMS 0x0000000097700000| PB 0x0000000097700000| Untracked 
| 376|0x0000000097800000, 0x0000000097800000, 0x0000000097900000|  0%| F|  |TAMS 0x0000000097800000| PB 0x0000000097800000| Untracked 
| 377|0x0000000097900000, 0x0000000097900000, 0x0000000097a00000|  0%| F|  |TAMS 0x0000000097900000| PB 0x0000000097900000| Untracked 
| 378|0x0000000097a00000, 0x0000000097a00000, 0x0000000097b00000|  0%| F|  |TAMS 0x0000000097a00000| PB 0x0000000097a00000| Untracked 
| 379|0x0000000097b00000, 0x0000000097b00000, 0x0000000097c00000|  0%| F|  |TAMS 0x0000000097b00000| PB 0x0000000097b00000| Untracked 
| 380|0x0000000097c00000, 0x0000000097c00000, 0x0000000097d00000|  0%| F|  |TAMS 0x0000000097c00000| PB 0x0000000097c00000| Untracked 
| 381|0x0000000097d00000, 0x0000000097d00000, 0x0000000097e00000|  0%| F|  |TAMS 0x0000000097d00000| PB 0x0000000097d00000| Untracked 
| 382|0x0000000097e00000, 0x0000000097e00000, 0x0000000097f00000|  0%| F|  |TAMS 0x0000000097e00000| PB 0x0000000097e00000| Untracked 
| 383|0x0000000097f00000, 0x0000000097f00000, 0x0000000098000000|  0%| F|  |TAMS 0x0000000097f00000| PB 0x0000000097f00000| Untracked 
| 384|0x0000000098000000, 0x0000000098000000, 0x0000000098100000|  0%| F|  |TAMS 0x0000000098000000| PB 0x0000000098000000| Untracked 
| 385|0x0000000098100000, 0x0000000098100000, 0x0000000098200000|  0%| F|  |TAMS 0x0000000098100000| PB 0x0000000098100000| Untracked 
| 386|0x0000000098200000, 0x0000000098200000, 0x0000000098300000|  0%| F|  |TAMS 0x0000000098200000| PB 0x0000000098200000| Untracked 
| 387|0x0000000098300000, 0x0000000098300000, 0x0000000098400000|  0%| F|  |TAMS 0x0000000098300000| PB 0x0000000098300000| Untracked 
| 388|0x0000000098400000, 0x0000000098400000, 0x0000000098500000|  0%| F|  |TAMS 0x0000000098400000| PB 0x0000000098400000| Untracked 
| 389|0x0000000098500000, 0x0000000098500000, 0x0000000098600000|  0%| F|  |TAMS 0x0000000098500000| PB 0x0000000098500000| Untracked 
| 390|0x0000000098600000, 0x0000000098600000, 0x0000000098700000|  0%| F|  |TAMS 0x0000000098600000| PB 0x0000000098600000| Untracked 
| 391|0x0000000098700000, 0x0000000098700000, 0x0000000098800000|  0%| F|  |TAMS 0x0000000098700000| PB 0x0000000098700000| Untracked 
| 392|0x0000000098800000, 0x0000000098800000, 0x0000000098900000|  0%| F|  |TAMS 0x0000000098800000| PB 0x0000000098800000| Untracked 
| 393|0x0000000098900000, 0x0000000098900000, 0x0000000098a00000|  0%| F|  |TAMS 0x0000000098900000| PB 0x0000000098900000| Untracked 
| 394|0x0000000098a00000, 0x0000000098a00000, 0x0000000098b00000|  0%| F|  |TAMS 0x0000000098a00000| PB 0x0000000098a00000| Untracked 
| 395|0x0000000098b00000, 0x0000000098b00000, 0x0000000098c00000|  0%| F|  |TAMS 0x0000000098b00000| PB 0x0000000098b00000| Untracked 
| 396|0x0000000098c00000, 0x0000000098c00000, 0x0000000098d00000|  0%| F|  |TAMS 0x0000000098c00000| PB 0x0000000098c00000| Untracked 
| 397|0x0000000098d00000, 0x0000000098d00000, 0x0000000098e00000|  0%| F|  |TAMS 0x0000000098d00000| PB 0x0000000098d00000| Untracked 
| 398|0x0000000098e00000, 0x0000000098e00000, 0x0000000098f00000|  0%| F|  |TAMS 0x0000000098e00000| PB 0x0000000098e00000| Untracked 
| 399|0x0000000098f00000, 0x0000000098f00000, 0x0000000099000000|  0%| F|  |TAMS 0x0000000098f00000| PB 0x0000000098f00000| Untracked 
| 400|0x0000000099000000, 0x0000000099000000, 0x0000000099100000|  0%| F|  |TAMS 0x0000000099000000| PB 0x0000000099000000| Untracked 
| 401|0x0000000099100000, 0x0000000099100000, 0x0000000099200000|  0%| F|  |TAMS 0x0000000099100000| PB 0x0000000099100000| Untracked 
| 402|0x0000000099200000, 0x0000000099200000, 0x0000000099300000|  0%| F|  |TAMS 0x0000000099200000| PB 0x0000000099200000| Untracked 
| 403|0x0000000099300000, 0x0000000099300000, 0x0000000099400000|  0%| F|  |TAMS 0x0000000099300000| PB 0x0000000099300000| Untracked 
| 404|0x0000000099400000, 0x0000000099400000, 0x0000000099500000|  0%| F|  |TAMS 0x0000000099400000| PB 0x0000000099400000| Untracked 
| 405|0x0000000099500000, 0x0000000099500000, 0x0000000099600000|  0%| F|  |TAMS 0x0000000099500000| PB 0x0000000099500000| Untracked 
| 406|0x0000000099600000, 0x0000000099600000, 0x0000000099700000|  0%| F|  |TAMS 0x0000000099600000| PB 0x0000000099600000| Untracked 
| 407|0x0000000099700000, 0x0000000099700000, 0x0000000099800000|  0%| F|  |TAMS 0x0000000099700000| PB 0x0000000099700000| Untracked 
| 408|0x0000000099800000, 0x0000000099800000, 0x0000000099900000|  0%| F|  |TAMS 0x0000000099800000| PB 0x0000000099800000| Untracked 
| 409|0x0000000099900000, 0x0000000099900000, 0x0000000099a00000|  0%| F|  |TAMS 0x0000000099900000| PB 0x0000000099900000| Untracked 
| 410|0x0000000099a00000, 0x0000000099a00000, 0x0000000099b00000|  0%| F|  |TAMS 0x0000000099a00000| PB 0x0000000099a00000| Untracked 
| 411|0x0000000099b00000, 0x0000000099b00000, 0x0000000099c00000|  0%| F|  |TAMS 0x0000000099b00000| PB 0x0000000099b00000| Untracked 
| 412|0x0000000099c00000, 0x0000000099c00000, 0x0000000099d00000|  0%| F|  |TAMS 0x0000000099c00000| PB 0x0000000099c00000| Untracked 
| 413|0x0000000099d00000, 0x0000000099d00000, 0x0000000099e00000|  0%| F|  |TAMS 0x0000000099d00000| PB 0x0000000099d00000| Untracked 
| 414|0x0000000099e00000, 0x0000000099e00000, 0x0000000099f00000|  0%| F|  |TAMS 0x0000000099e00000| PB 0x0000000099e00000| Untracked 
| 415|0x0000000099f00000, 0x0000000099f00000, 0x000000009a000000|  0%| F|  |TAMS 0x0000000099f00000| PB 0x0000000099f00000| Untracked 
| 416|0x000000009a000000, 0x000000009a000000, 0x000000009a100000|  0%| F|  |TAMS 0x000000009a000000| PB 0x000000009a000000| Untracked 
| 417|0x000000009a100000, 0x000000009a100000, 0x000000009a200000|  0%| F|  |TAMS 0x000000009a100000| PB 0x000000009a100000| Untracked 
| 418|0x000000009a200000, 0x000000009a200000, 0x000000009a300000|  0%| F|  |TAMS 0x000000009a200000| PB 0x000000009a200000| Untracked 
| 419|0x000000009a300000, 0x000000009a300000, 0x000000009a400000|  0%| F|  |TAMS 0x000000009a300000| PB 0x000000009a300000| Untracked 
| 420|0x000000009a400000, 0x000000009a400000, 0x000000009a500000|  0%| F|  |TAMS 0x000000009a400000| PB 0x000000009a400000| Untracked 
| 421|0x000000009a500000, 0x000000009a500000, 0x000000009a600000|  0%| F|  |TAMS 0x000000009a500000| PB 0x000000009a500000| Untracked 
| 422|0x000000009a600000, 0x000000009a600000, 0x000000009a700000|  0%| F|  |TAMS 0x000000009a600000| PB 0x000000009a600000| Untracked 
| 423|0x000000009a700000, 0x000000009a700000, 0x000000009a800000|  0%| F|  |TAMS 0x000000009a700000| PB 0x000000009a700000| Untracked 
| 424|0x000000009a800000, 0x000000009a800000, 0x000000009a900000|  0%| F|  |TAMS 0x000000009a800000| PB 0x000000009a800000| Untracked 
| 425|0x000000009a900000, 0x000000009a900000, 0x000000009aa00000|  0%| F|  |TAMS 0x000000009a900000| PB 0x000000009a900000| Untracked 
| 426|0x000000009aa00000, 0x000000009aa00000, 0x000000009ab00000|  0%| F|  |TAMS 0x000000009aa00000| PB 0x000000009aa00000| Untracked 
| 427|0x000000009ab00000, 0x000000009ab00000, 0x000000009ac00000|  0%| F|  |TAMS 0x000000009ab00000| PB 0x000000009ab00000| Untracked 
|2032|0x00000000ff000000, 0x00000000ff000000, 0x00000000ff100000|  0%| F|  |TAMS 0x00000000ff000000| PB 0x00000000ff000000| Untracked 
|2033|0x00000000ff100000, 0x00000000ff100000, 0x00000000ff200000|  0%| F|  |TAMS 0x00000000ff100000| PB 0x00000000ff100000| Untracked 
|2034|0x00000000ff200000, 0x00000000ff200000, 0x00000000ff300000|  0%| F|  |TAMS 0x00000000ff200000| PB 0x00000000ff200000| Untracked 
|2035|0x00000000ff300000, 0x00000000ff300000, 0x00000000ff400000|  0%| F|  |TAMS 0x00000000ff300000| PB 0x00000000ff300000| Untracked 
|2036|0x00000000ff400000, 0x00000000ff400000, 0x00000000ff500000|  0%| F|  |TAMS 0x00000000ff400000| PB 0x00000000ff400000| Untracked 
|2037|0x00000000ff500000, 0x00000000ff500000, 0x00000000ff600000|  0%| F|  |TAMS 0x00000000ff500000| PB 0x00000000ff500000| Untracked 
|2038|0x00000000ff600000, 0x00000000ff600000, 0x00000000ff700000|  0%| F|  |TAMS 0x00000000ff600000| PB 0x00000000ff600000| Untracked 
|2039|0x00000000ff700000, 0x00000000ff700000, 0x00000000ff800000|  0%| F|  |TAMS 0x00000000ff700000| PB 0x00000000ff700000| Untracked 
|2040|0x00000000ff800000, 0x00000000ff800000, 0x00000000ff900000|  0%| F|  |TAMS 0x00000000ff800000| PB 0x00000000ff800000| Untracked 
|2041|0x00000000ff900000, 0x00000000ff900000, 0x00000000ffa00000|  0%| F|  |TAMS 0x00000000ff900000| PB 0x00000000ff900000| Untracked 
|2042|0x00000000ffa00000, 0x00000000ffb00000, 0x00000000ffb00000|100%| O|  |TAMS 0x00000000ffb00000| PB 0x00000000ffa00000| Untracked 
|2043|0x00000000ffb00000, 0x00000000ffb00000, 0x00000000ffc00000|  0%| F|  |TAMS 0x00000000ffb00000| PB 0x00000000ffb00000| Untracked 
|2044|0x00000000ffc00000, 0x00000000ffc00000, 0x00000000ffd00000|  0%| F|  |TAMS 0x00000000ffc00000| PB 0x00000000ffc00000| Untracked 
|2045|0x00000000ffd00000, 0x00000000ffe00000, 0x00000000ffe00000|100%| O|  |TAMS 0x00000000ffe00000| PB 0x00000000ffd00000| Untracked 
|2046|0x00000000ffe00000, 0x00000000ffe00000, 0x00000000fff00000|  0%| F|  |TAMS 0x00000000ffe00000| PB 0x00000000ffe00000| Untracked 
|2047|0x00000000fff00000, 0x0000000100000000, 0x0000000100000000|100%| O|  |TAMS 0x0000000100000000| PB 0x00000000fff00000| Untracked 

Card table byte_map: [0x0000029743650000,0x0000029743a50000] _byte_map_base: 0x0000029743250000

Marking Bits: (CMBitMap*) 0x000002971c9cb290
 Bits: [0x0000029743a50000, 0x0000029745a50000)

Polling page: 0x00000297224c0000

Metaspace:

Usage:
  Non-class:    272.56 MB used.
      Class:     38.29 MB used.
       Both:    310.84 MB used.

Virtual space:
  Non-class space:      320.00 MB reserved,     275.00 MB ( 86%) committed,  5 nodes.
      Class space:        1.00 GB reserved,      40.19 MB (  4%) committed,  1 nodes.
             Both:        1.31 GB reserved,     315.19 MB ( 23%) committed. 

Chunk freelists:
   Non-Class:  12.66 MB
       Class:  7.84 MB
        Both:  20.51 MB

MaxMetaspaceSize: unlimited
CompressedClassSpaceSize: 1.00 GB
Initial GC threshold: 21.00 MB
Current GC threshold: 525.12 MB
CDS: on
 - commit_granule_bytes: 65536.
 - commit_granule_words: 8192.
 - virtual_space_node_default_size: 8388608.
 - enlarge_chunks_in_place: 1.
 - use_allocation_guard: 0.


Internal statistics:

num_allocs_failed_limit: 45.
num_arena_births: 6288.
num_arena_deaths: 1650.
num_vsnodes_births: 6.
num_vsnodes_deaths: 0.
num_space_committed: 5038.
num_space_uncommitted: 0.
num_chunks_returned_to_freelist: 1982.
num_chunks_taken_from_freelist: 22782.
num_chunk_merges: 513.
num_chunk_splits: 13154.
num_chunks_enlarged: 7278.
num_inconsistent_stats: 0.

CodeHeap 'non-profiled nmethods': size=259328Kb used=15085Kb max_used=16000Kb free=244242Kb
 bounds [0x0000029732890000, 0x0000029733840000, 0x00000297425d0000]
CodeHeap 'profiled nmethods': size=259264Kb used=57214Kb max_used=61239Kb free=202049Kb
 bounds [0x00000297225d0000, 0x00000297261c0000, 0x0000029732300000]
CodeHeap 'non-nmethods': size=5696Kb used=3433Kb max_used=3504Kb free=2262Kb
 bounds [0x0000029732300000, 0x0000029732680000, 0x0000029732890000]
 total_blobs=29339 nmethods=27256 adapters=1983
 compilation: enabled
              stopped_count=0, restarted_count=0
 full_count=0

Compilation events (20 events):
Event: 1455.991 Thread 0x0000029747f7e2c0 40764       2       com.intellij.spellchecker.grazie.GrazieSpellCheckerEngine$$Lambda/0x000002974b70bc70::run (4 bytes)
Event: 1455.991 Thread 0x0000029747f7e2c0 nmethod 40764 0x000002972312b110 code [0x000002972312b2c0, 0x000002972312b400]
Event: 1455.991 Thread 0x0000029747f7e2c0 40765       2       com.intellij.spellchecker.grazie.GrazieSpellCheckerEngine::createSpellerConfig$lambda$3 (4 bytes)
Event: 1455.991 Thread 0x0000029747f7e2c0 nmethod 40765 0x000002972317eb10 code [0x000002972317ecc0, 0x000002972317ede0]
Event: 1455.991 Thread 0x0000029747f7e2c0 40760       2       org.apache.lucene.analysis.hunspell.Hunspell::checkSimpleWord (51 bytes)
Event: 1455.991 Thread 0x0000029747f7e2c0 nmethod 40760 0x0000029723030b90 code [0x0000029723030d60, 0x0000029723030f58]
Event: 1455.991 Thread 0x0000029747f7e2c0 40761       2       org.apache.lucene.analysis.hunspell.Hunspell::findStem (67 bytes)
Event: 1455.992 Thread 0x0000029747f7e2c0 nmethod 40761 0x000002972279dc90 code [0x000002972279de80, 0x000002972279e2c8]
Event: 1455.992 Thread 0x0000029747f7e2c0 40766       2       org.apache.lucene.util.fst.FST$BytesReader::<init> (5 bytes)
Event: 1455.992 Thread 0x0000029747f7e2c0 nmethod 40766 0x0000029723744810 code [0x00000297237449a0, 0x0000029723744aa8]
Event: 1455.993 Thread 0x0000029747f7e2c0 40768       2       org.apache.lucene.util.fst.FST::getBytesReader (10 bytes)
Event: 1455.993 Thread 0x0000029747f7e2c0 nmethod 40768 0x00000297237d8c10 code [0x00000297237d8dc0, 0x00000297237d8ef8]
Event: 1455.993 Thread 0x0000029747f7e2c0 40769       2       org.apache.lucene.util.fst.ReadWriteDataOutput::getReverseBytesReader (67 bytes)
Event: 1455.993 Thread 0x0000029747f7e2c0 nmethod 40769 0x0000029722bc5c10 code [0x0000029722bc5e40, 0x0000029722bc6438]
Event: 1455.993 Thread 0x0000029747f7e2c0 40770       2       org.apache.lucene.util.fst.ReverseBytesReader::<init> (10 bytes)
Event: 1455.993 Thread 0x0000029747f7e2c0 nmethod 40770 0x0000029723883e90 code [0x0000029723884020, 0x0000029723884170]
Event: 1455.993 Thread 0x0000029747f7e2c0 40771       2       org.apache.lucene.util.fst.FST::getFirstArc (88 bytes)
Event: 1455.994 Thread 0x0000029747f7e2c0 nmethod 40771 0x00000297230bb090 code [0x00000297230bb240, 0x00000297230bb4f0]
Event: 1455.996 Thread 0x0000029747f7e2c0 40773 %     3       com.intellij.codeInsight.daemon.impl.InspectionVisitorOptimizer::getTargetPsiClasses @ 44 (168 bytes)
Event: 1455.997 Thread 0x0000029747f7e2c0 nmethod 40773% 0x000002972376db90 code [0x000002972376de60, 0x000002972376ed68]

GC Heap History (20 events):
Event: 1200.981 GC heap after
{Heap after GC invocations=46 (full 0):
 garbage-first heap   total 419840K, used 234245K [0x0000000080000000, 0x0000000100000000)
  region size 1024K, 6 young (6144K), 6 survivors (6144K)
 Metaspace       used 273874K, committed 278144K, reserved 1310720K
  class space    used 33577K, committed 35520K, reserved 1048576K
}
Event: 1439.164 GC heap before
{Heap before GC invocations=46 (full 0):
 garbage-first heap   total 419840K, used 390917K [0x0000000080000000, 0x0000000100000000)
  region size 1024K, 160 young (163840K), 6 survivors (6144K)
 Metaspace       used 289467K, committed 292928K, reserved 1310720K
  class space    used 35620K, committed 37184K, reserved 1048576K
}
Event: 1439.173 GC heap after
{Heap after GC invocations=47 (full 0):
 garbage-first heap   total 419840K, used 241588K [0x0000000080000000, 0x0000000100000000)
  region size 1024K, 13 young (13312K), 13 survivors (13312K)
 Metaspace       used 289467K, committed 292928K, reserved 1310720K
  class space    used 35620K, committed 37184K, reserved 1048576K
}
Event: 1441.879 GC heap before
{Heap before GC invocations=48 (full 0):
 garbage-first heap   total 419840K, used 383924K [0x0000000080000000, 0x0000000100000000)
  region size 1024K, 153 young (156672K), 13 survivors (13312K)
 Metaspace       used 313308K, committed 317120K, reserved 1376256K
  class space    used 38660K, committed 40384K, reserved 1048576K
}
Event: 1441.896 GC heap after
{Heap after GC invocations=49 (full 0):
 garbage-first heap   total 419840K, used 254500K [0x0000000080000000, 0x0000000100000000)
  region size 1024K, 20 young (20480K), 20 survivors (20480K)
 Metaspace       used 313308K, committed 317120K, reserved 1376256K
  class space    used 38660K, committed 40384K, reserved 1048576K
}
Event: 1451.339 GC heap before
{Heap before GC invocations=49 (full 0):
 garbage-first heap   total 419840K, used 376356K [0x0000000080000000, 0x0000000100000000)
  region size 1024K, 140 young (143360K), 20 survivors (20480K)
 Metaspace       used 315715K, committed 319552K, reserved 1376256K
  class space    used 38902K, committed 40576K, reserved 1048576K
}
Event: 1451.364 GC heap after
{Heap after GC invocations=50 (full 0):
 garbage-first heap   total 419840K, used 256596K [0x0000000080000000, 0x0000000100000000)
  region size 1024K, 9 young (9216K), 9 survivors (9216K)
 Metaspace       used 315715K, committed 319552K, reserved 1376256K
  class space    used 38902K, committed 40576K, reserved 1048576K
}
Event: 1454.964 GC heap before
{Heap before GC invocations=50 (full 0):
 garbage-first heap   total 419840K, used 388692K [0x0000000080000000, 0x0000000100000000)
  region size 1024K, 138 young (141312K), 9 survivors (9216K)
 Metaspace       used 318359K, committed 322560K, reserved 1376256K
  class space    used 39254K, committed 41152K, reserved 1048576K
}
Event: 1454.970 GC heap after
{Heap after GC invocations=51 (full 0):
 garbage-first heap   total 419840K, used 259584K [0x0000000080000000, 0x0000000100000000)
  region size 1024K, 12 young (12288K), 12 survivors (12288K)
 Metaspace       used 318359K, committed 322560K, reserved 1376256K
  class space    used 39254K, committed 41152K, reserved 1048576K
}
Event: 1455.146 GC heap before
{Heap before GC invocations=51 (full 0):
 garbage-first heap   total 419840K, used 385536K [0x0000000080000000, 0x0000000100000000)
  region size 1024K, 135 young (138240K), 12 survivors (12288K)
 Metaspace       used 318424K, committed 322624K, reserved 1376256K
  class space    used 39254K, committed 41152K, reserved 1048576K
}
Event: 1455.160 GC heap after
{Heap after GC invocations=52 (full 0):
 garbage-first heap   total 419840K, used 271226K [0x0000000080000000, 0x0000000100000000)
  region size 1024K, 16 young (16384K), 16 survivors (16384K)
 Metaspace       used 318424K, committed 322624K, reserved 1376256K
  class space    used 39254K, committed 41152K, reserved 1048576K
}
Event: 1455.398 GC heap before
{Heap before GC invocations=53 (full 0):
 garbage-first heap   total 454656K, used 377722K [0x0000000080000000, 0x0000000100000000)
  region size 1024K, 121 young (123904K), 16 survivors (16384K)
 Metaspace       used 318194K, committed 322624K, reserved 1376256K
  class space    used 39191K, committed 41152K, reserved 1048576K
}
Event: 1455.415 GC heap after
{Heap after GC invocations=54 (full 0):
 garbage-first heap   total 454656K, used 283648K [0x0000000080000000, 0x0000000100000000)
  region size 1024K, 15 young (15360K), 15 survivors (15360K)
 Metaspace       used 318194K, committed 322624K, reserved 1376256K
  class space    used 39191K, committed 41152K, reserved 1048576K
}
Event: 1455.574 GC heap before
{Heap before GC invocations=54 (full 0):
 garbage-first heap   total 454656K, used 414720K [0x0000000080000000, 0x0000000100000000)
  region size 1024K, 144 young (147456K), 15 survivors (15360K)
 Metaspace       used 318196K, committed 322624K, reserved 1376256K
  class space    used 39193K, committed 41152K, reserved 1048576K
}
Event: 1455.593 GC heap after
{Heap after GC invocations=55 (full 0):
 garbage-first heap   total 454656K, used 287744K [0x0000000080000000, 0x0000000100000000)
  region size 1024K, 18 young (18432K), 18 survivors (18432K)
 Metaspace       used 318196K, committed 322624K, reserved 1376256K
  class space    used 39193K, committed 41152K, reserved 1048576K
}
Event: 1455.695 GC heap before
{Heap before GC invocations=55 (full 0):
 garbage-first heap   total 454656K, used 411648K [0x0000000080000000, 0x0000000100000000)
  region size 1024K, 140 young (143360K), 18 survivors (18432K)
 Metaspace       used 318196K, committed 322624K, reserved 1376256K
  class space    used 39193K, committed 41152K, reserved 1048576K
}
Event: 1455.714 GC heap after
{Heap after GC invocations=56 (full 0):
 garbage-first heap   total 454656K, used 301056K [0x0000000080000000, 0x0000000100000000)
  region size 1024K, 18 young (18432K), 18 survivors (18432K)
 Metaspace       used 318196K, committed 322624K, reserved 1376256K
  class space    used 39193K, committed 41152K, reserved 1048576K
}
Event: 1455.840 GC heap before
{Heap before GC invocations=56 (full 0):
 garbage-first heap   total 454656K, used 409600K [0x0000000080000000, 0x0000000100000000)
  region size 1024K, 124 young (126976K), 18 survivors (18432K)
 Metaspace       used 318196K, committed 322624K, reserved 1376256K
  class space    used 39193K, committed 41152K, reserved 1048576K
}
Event: 1455.852 GC heap after
{Heap after GC invocations=57 (full 0):
 garbage-first heap   total 454656K, used 305756K [0x0000000080000000, 0x0000000100000000)
  region size 1024K, 16 young (16384K), 16 survivors (16384K)
 Metaspace       used 318196K, committed 322624K, reserved 1376256K
  class space    used 39193K, committed 41152K, reserved 1048576K
}
Event: 1456.002 GC heap before
{Heap before GC invocations=57 (full 0):
 garbage-first heap   total 454656K, used 405084K [0x0000000080000000, 0x0000000100000000)
  region size 1024K, 114 young (116736K), 16 survivors (16384K)
 Metaspace       used 318302K, committed 322752K, reserved 1376256K
  class space    used 39206K, committed 41152K, reserved 1048576K
}

Dll operation events (3 events):
Event: 0.005 Loaded shared library C:\Program Files\JetBrains\JetBrains Rider 2024.3.7\jbr\bin\java.dll
Event: 0.025 Loaded shared library C:\Program Files\JetBrains\JetBrains Rider 2024.3.7\jbr\bin\zip.dll
Event: 0.380 Loaded shared library C:\Program Files\JetBrains\JetBrains Rider 2024.3.7\jbr\bin\verify.dll

Deoptimization events (20 events):
Event: 1455.892 Thread 0x000002982f4fda80 DEOPT PACKING pc=0x0000029726187b5e sp=0x000000ce532fc3f0
Event: 1455.892 Thread 0x000002982f4fda80 DEOPT UNPACKING pc=0x0000029732354e42 sp=0x000000ce532fb950 mode 0
Event: 1455.903 Thread 0x000002982f4fda80 DEOPT PACKING pc=0x0000029726187b5e sp=0x000000ce532fc810
Event: 1455.903 Thread 0x000002982f4fda80 DEOPT UNPACKING pc=0x0000029732354e42 sp=0x000000ce532fbd70 mode 0
Event: 1455.962 Thread 0x000002982f4ecd70 Uncommon trap: trap_request=0xffffffc6 fr.pc=0x00000297337bfc7c relative=0x000000000000045c
Event: 1455.962 Thread 0x000002982f4ecd70 Uncommon trap: reason=bimorphic_or_optimized_type_check action=maybe_recompile pc=0x00000297337bfc7c method=com.intellij.util.CommonProcessors$CollectProcessor.process(Ljava/lang/Object;)Z @ 2 c2
Event: 1455.962 Thread 0x000002982f4ecd70 DEOPT PACKING pc=0x00000297337bfc7c sp=0x000000ce51afdbe0
Event: 1455.962 Thread 0x000002982f4ecd70 DEOPT UNPACKING pc=0x00000297323546a2 sp=0x000000ce51afdbb8 mode 2
Event: 1455.962 Thread 0x000002982f4ecd70 Uncommon trap: trap_request=0xffffffc6 fr.pc=0x00000297337bfc7c relative=0x000000000000045c
Event: 1455.962 Thread 0x000002982f4ecd70 Uncommon trap: reason=bimorphic_or_optimized_type_check action=maybe_recompile pc=0x00000297337bfc7c method=com.intellij.util.CommonProcessors$CollectProcessor.process(Ljava/lang/Object;)Z @ 2 c2
Event: 1455.962 Thread 0x000002982f4ecd70 DEOPT PACKING pc=0x00000297337bfc7c sp=0x000000ce51afdbe0
Event: 1455.962 Thread 0x000002982f4ecd70 DEOPT UNPACKING pc=0x00000297323546a2 sp=0x000000ce51afdbb8 mode 2
Event: 1455.962 Thread 0x000002982f4ecd70 Uncommon trap: trap_request=0xffffffc6 fr.pc=0x00000297337bfc7c relative=0x000000000000045c
Event: 1455.962 Thread 0x000002982f4ecd70 Uncommon trap: reason=bimorphic_or_optimized_type_check action=maybe_recompile pc=0x00000297337bfc7c method=com.intellij.util.CommonProcessors$CollectProcessor.process(Ljava/lang/Object;)Z @ 2 c2
Event: 1455.962 Thread 0x000002982f4ecd70 DEOPT PACKING pc=0x00000297337bfc7c sp=0x000000ce51afdbe0
Event: 1455.962 Thread 0x000002982f4ecd70 DEOPT UNPACKING pc=0x00000297323546a2 sp=0x000000ce51afdbb8 mode 2
Event: 1455.962 Thread 0x000002982f4ecd70 Uncommon trap: trap_request=0xffffffc6 fr.pc=0x00000297337bfc7c relative=0x000000000000045c
Event: 1455.962 Thread 0x000002982f4ecd70 Uncommon trap: reason=bimorphic_or_optimized_type_check action=maybe_recompile pc=0x00000297337bfc7c method=com.intellij.util.CommonProcessors$CollectProcessor.process(Ljava/lang/Object;)Z @ 2 c2
Event: 1455.962 Thread 0x000002982f4ecd70 DEOPT PACKING pc=0x00000297337bfc7c sp=0x000000ce51afdbe0
Event: 1455.962 Thread 0x000002982f4ecd70 DEOPT UNPACKING pc=0x00000297323546a2 sp=0x000000ce51afdbb8 mode 2

Classes loaded (20 events):
Event: 1455.976 Loading class com/intellij/httpClient/http/security/HttpUrlsUsageInspection
Event: 1455.976 Loading class com/intellij/httpClient/http/security/HttpUrlsUsageInspection done
Event: 1455.976 Loading class com/intellij/httpClient/http/security/HttpUrlsUsageInspection$UrlFragment
Event: 1455.976 Loading class com/intellij/httpClient/http/security/HttpUrlsUsageInspection$UrlFragment done
Event: 1455.976 Loading class com/intellij/psi/PsiElement
Event: 1455.976 Loading class com/intellij/psi/PsiElement done
Event: 1455.976 Loading class com/intellij/psi/PsiFile
Event: 1455.976 Loading class com/intellij/psi/PsiFile done
Event: 1455.976 Loading class com/intellij/psi/PsiElement
Event: 1455.976 Loading class com/intellij/psi/PsiElement done
Event: 1455.977 Loading class com/jetbrains/rider/languages/fileTypes/csharp/psi/impl/escaping/CSharpRegularStringLiteralEscaper
Event: 1455.977 Loading class com/jetbrains/rider/languages/fileTypes/csharp/psi/impl/escaping/CSharpRegularStringLiteralEscaper done
Event: 1455.977 Loading class com/jetbrains/rider/languages/fileTypes/clr/psi/escaping/ClrLanguageRegularStringLiteralEscaper
Event: 1455.977 Loading class com/jetbrains/rider/languages/fileTypes/clr/psi/escaping/ClrLanguageRegularStringLiteralEscaper done
Event: 1455.978 Loading class com/intellij/psi/LiteralTextEscaper$1
Event: 1455.978 Loading class com/intellij/psi/LiteralTextEscaper$1 done
Event: 1455.978 Loading class com/intellij/psi/LiteralTextEscaper
Event: 1455.978 Loading class com/intellij/psi/LiteralTextEscaper done
Event: 1455.978 Loading class com/intellij/psi/LiteralTextEscaper
Event: 1455.978 Loading class com/intellij/psi/LiteralTextEscaper done

Classes unloaded (20 events):
Event: 1455.189 Thread 0x000002971c828fc0 Unloading class 0x000002974bc32000 'java/lang/invoke/LambdaForm$MH+0x000002974bc32000'
Event: 1455.189 Thread 0x000002971c828fc0 Unloading class 0x000002974bc32c00 'java/lang/invoke/LambdaForm$MH+0x000002974bc32c00'
Event: 1455.189 Thread 0x000002971c828fc0 Unloading class 0x000002974bca0000 'java/lang/invoke/LambdaForm$MH+0x000002974bca0000'
Event: 1455.189 Thread 0x000002971c828fc0 Unloading class 0x000002974bca0c00 'java/lang/invoke/LambdaForm$MH+0x000002974bca0c00'
Event: 1455.189 Thread 0x000002971c828fc0 Unloading class 0x000002974bd68400 'java/lang/invoke/LambdaForm$MH+0x000002974bd68400'
Event: 1455.189 Thread 0x000002971c828fc0 Unloading class 0x000002974bd81000 'java/lang/invoke/LambdaForm$MH+0x000002974bd81000'
Event: 1455.189 Thread 0x000002971c828fc0 Unloading class 0x000002974bd81c00 'java/lang/invoke/LambdaForm$MH+0x000002974bd81c00'
Event: 1455.189 Thread 0x000002971c828fc0 Unloading class 0x000002974bda4000 'java/lang/invoke/LambdaForm$MH+0x000002974bda4000'
Event: 1455.189 Thread 0x000002971c828fc0 Unloading class 0x000002974bde0c00 'java/lang/invoke/LambdaForm$MH+0x000002974bde0c00'
Event: 1455.189 Thread 0x000002971c828fc0 Unloading class 0x000002974c089000 'java/lang/invoke/LambdaForm$MH+0x000002974c089000'
Event: 1455.189 Thread 0x000002971c828fc0 Unloading class 0x000002974c095000 'java/lang/invoke/LambdaForm$MH+0x000002974c095000'
Event: 1455.189 Thread 0x000002971c828fc0 Unloading class 0x000002974c2a3000 'java/lang/invoke/LambdaForm$MH+0x000002974c2a3000'
Event: 1455.189 Thread 0x000002971c828fc0 Unloading class 0x000002974c2a2c00 'java/lang/invoke/LambdaForm$MH+0x000002974c2a2c00'
Event: 1455.189 Thread 0x000002971c828fc0 Unloading class 0x000002974c2a2000 'java/lang/invoke/LambdaForm$MH+0x000002974c2a2000'
Event: 1455.189 Thread 0x000002971c828fc0 Unloading class 0x000002974c2a1c00 'java/lang/invoke/LambdaForm$MH+0x000002974c2a1c00'
Event: 1455.189 Thread 0x000002971c828fc0 Unloading class 0x000002974c2a1800 'java/lang/invoke/LambdaForm$MH+0x000002974c2a1800'
Event: 1455.189 Thread 0x000002971c828fc0 Unloading class 0x000002974c2a1400 'java/lang/invoke/LambdaForm$MH+0x000002974c2a1400'
Event: 1455.189 Thread 0x000002971c828fc0 Unloading class 0x000002974c2a0800 'java/lang/invoke/LambdaForm$MH+0x000002974c2a0800'
Event: 1455.189 Thread 0x000002971c828fc0 Unloading class 0x000002974c2a0400 'java/lang/invoke/LambdaForm$MH+0x000002974c2a0400'
Event: 1455.189 Thread 0x000002971c828fc0 Unloading class 0x000002974c2a0000 'java/lang/invoke/LambdaForm$MH+0x000002974c2a0000'

Classes redefined (4 events):
Event: 0.281 Thread 0x000002971c828fc0 redefined class name=java.math.BigInteger, count=1
Event: 0.296 Thread 0x000002971c828fc0 redefined class name=java.net.InetAddress, count=1
Event: 0.300 Thread 0x000002971c828fc0 redefined class name=sun.management.VMManagementImpl, count=1
Event: 0.318 Thread 0x000002971c828fc0 redefined class name=java.lang.Class, count=1

Internal exceptions (20 events):
Event: 1453.710 Thread 0x00000297bb18bfe0 Exception <a 'java/lang/NoSuchMethodError'{0x0000000097196720}: 'void com.intellij.completion.ml.common.RecentPlacesFeatures$RecentPlacesStorage.<init>(kotlinx.coroutines.CoroutineScope)'> (0x0000000097196720) 
thrown [s\src\hotspot\share\interpreter\linkResolver.cpp, line 784]
Event: 1453.711 Thread 0x00000297bb18bfe0 Exception <a 'java/lang/NoSuchMethodError'{0x000000009719a170}: 'void java.lang.invoke.DirectMethodHandle$Holder.invokeInterface(java.lang.Object, java.lang.Object, java.lang.Object, int, java.lang.Object)'> (0x000000009719a170) 
thrown [s\src\hotspot\share\interpreter\linkResolver.cpp, line 784]
Event: 1453.711 Thread 0x00000297bb18bfe0 Exception <a 'java/lang/IncompatibleClassChangeError'{0x000000009719de48}: Found class java.lang.Object, but interface was expected> (0x000000009719de48) 
thrown [s\src\hotspot\share\interpreter\linkResolver.cpp, line 851]
Event: 1453.711 Thread 0x00000297bb18bfe0 Exception <a 'java/lang/NoSuchMethodError'{0x000000009719f450}: 'void java.lang.invoke.DelegatingMethodHandle$Holder.reinvoke_L(java.lang.Object, java.lang.Object, java.lang.Object, int, java.lang.Object)'> (0x000000009719f450) 
thrown [s\src\hotspot\share\interpreter\linkResolver.cpp, line 784]
Event: 1453.731 Thread 0x00000297bb18bfe0 Implicit null exception at 0x0000029732981de0 to 0x0000029732981ec8
Event: 1453.733 Thread 0x00000297bb18bfe0 Implicit null exception at 0x0000029732e018c0 to 0x0000029732e019ac
Event: 1453.733 Thread 0x00000297bb18bfe0 Implicit null exception at 0x00000297337514d2 to 0x00000297337572dc
Event: 1453.734 Thread 0x00000297bb18bfe0 Implicit null exception at 0x0000029732da5380 to 0x0000029732da6258
Event: 1453.749 Thread 0x00000297bb18bfe0 Exception <a 'java/io/IOException'{0x0000000096d8cb78}> (0x0000000096d8cb78) 
thrown [s\src\hotspot\share\prims\jni.cpp, line 535]
Event: 1453.750 Thread 0x00000297bb18bfe0 Exception <a 'java/io/IOException'{0x0000000096d8dec0}> (0x0000000096d8dec0) 
thrown [s\src\hotspot\share\prims\jni.cpp, line 535]
Event: 1454.298 Thread 0x00000297bb18bfe0 Exception <a 'java/lang/IncompatibleClassChangeError'{0x00000000945ebb38}: Found class java.lang.Object, but interface was expected> (0x00000000945ebb38) 
thrown [s\src\hotspot\share\interpreter\linkResolver.cpp, line 851]
Event: 1454.378 Thread 0x00000297bb18bfe0 Exception <a 'java/io/IOException'{0x000000009406ece0}> (0x000000009406ece0) 
thrown [s\src\hotspot\share\prims\jni.cpp, line 535]
Event: 1454.378 Thread 0x00000297bb18bfe0 Exception <a 'java/io/IOException'{0x0000000094070028}> (0x0000000094070028) 
thrown [s\src\hotspot\share\prims\jni.cpp, line 535]
Event: 1454.911 Thread 0x000002982f4ecd70 Exception <a 'java/lang/NoSuchMethodError'{0x0000000090913890}: 'void com.jetbrains.rider.plugins.appender.database.CSharpConcatenationAwareInjector.<init>(com.intellij.openapi.project.Project)'> (0x0000000090913890) 
thrown [s\src\hotspot\share\interpreter\linkResolver.cpp, line 784]
Event: 1454.911 Thread 0x000002982f4ecd70 Exception <a 'java/lang/NoSuchMethodError'{0x0000000090914968}: 'void com.jetbrains.rider.plugins.appender.database.CSharpConcatenationAwareInjector.<init>(com.intellij.openapi.project.Project, kotlinx.coroutines.CoroutineScope)'> (0x0000000090914968) 
thrown [s\src\hotspot\share\interpreter\linkResolver.cpp, line 784]
Event: 1454.911 Thread 0x000002982f4ecd70 Exception <a 'java/lang/NoSuchMethodError'{0x0000000090915a58}: 'void com.jetbrains.rider.plugins.appender.database.CSharpConcatenationAwareInjector.<init>(kotlinx.coroutines.CoroutineScope)'> (0x0000000090915a58) 
thrown [s\src\hotspot\share\interpreter\linkResolver.cpp, line 784]
Event: 1454.958 Thread 0x0000029837617d40 Implicit null exception at 0x0000029733685ab0 to 0x0000029733685e23
Event: 1454.958 Thread 0x000002982f4fda80 Implicit null exception at 0x0000029733685ab0 to 0x0000029733685e23
Event: 1454.958 Thread 0x00000298376183d0 Implicit null exception at 0x0000029733685ab0 to 0x0000029733685e23
Event: 1454.958 Thread 0x0000029837611440 Implicit null exception at 0x0000029733685ab0 to 0x0000029733685e23

ZGC Phase Switch (0 events):
No events

VM Operations (20 events):
Event: 1454.465 Executing VM operation: ICBufferFull done
Event: 1454.917 Executing VM operation: HandshakeAllThreads (Deoptimize)
Event: 1454.917 Executing VM operation: HandshakeAllThreads (Deoptimize) done
Event: 1454.963 Executing VM operation: G1CollectForAllocation (G1 Evacuation Pause)
Event: 1454.971 Executing VM operation: G1CollectForAllocation (G1 Evacuation Pause) done
Event: 1455.146 Executing VM operation: G1CollectForAllocation (G1 Evacuation Pause)
Event: 1455.160 Executing VM operation: G1CollectForAllocation (G1 Evacuation Pause) done
Event: 1455.188 Executing VM operation: G1PauseRemark
Event: 1455.215 Executing VM operation: G1PauseRemark done
Event: 1455.379 Executing VM operation: G1PauseCleanup
Event: 1455.379 Executing VM operation: G1PauseCleanup done
Event: 1455.398 Executing VM operation: G1CollectForAllocation (G1 Evacuation Pause)
Event: 1455.415 Executing VM operation: G1CollectForAllocation (G1 Evacuation Pause) done
Event: 1455.574 Executing VM operation: G1CollectForAllocation (G1 Evacuation Pause)
Event: 1455.593 Executing VM operation: G1CollectForAllocation (G1 Evacuation Pause) done
Event: 1455.695 Executing VM operation: G1CollectForAllocation (G1 Evacuation Pause)
Event: 1455.714 Executing VM operation: G1CollectForAllocation (G1 Evacuation Pause) done
Event: 1455.828 Executing VM operation: G1CollectForAllocation (G1 Evacuation Pause)
Event: 1455.852 Executing VM operation: G1CollectForAllocation (G1 Evacuation Pause) done
Event: 1456.002 Executing VM operation: G1CollectForAllocation (G1 Evacuation Pause)

Memory protections (0 events):
No events

Nmethod flushes (20 events):
Event: 1455.212 Thread 0x000002971c828fc0 flushing  nmethod 0x000002972583fb10
Event: 1455.212 Thread 0x000002971c828fc0 flushing  nmethod 0x0000029725842290
Event: 1455.212 Thread 0x000002971c828fc0 flushing  nmethod 0x0000029725842810
Event: 1455.212 Thread 0x000002971c828fc0 flushing  nmethod 0x00000297258e2210
Event: 1455.212 Thread 0x000002971c828fc0 flushing  nmethod 0x00000297259aca10
Event: 1455.212 Thread 0x000002971c828fc0 flushing  nmethod 0x00000297259ad410
Event: 1455.212 Thread 0x000002971c828fc0 flushing  nmethod 0x0000029725a13190
Event: 1455.212 Thread 0x000002971c828fc0 flushing  nmethod 0x0000029725b09c10
Event: 1455.212 Thread 0x000002971c828fc0 flushing  nmethod 0x0000029725b62990
Event: 1455.212 Thread 0x000002971c828fc0 flushing  nmethod 0x0000029725b62d10
Event: 1455.212 Thread 0x000002971c828fc0 flushing  nmethod 0x0000029725b63590
Event: 1455.212 Thread 0x000002971c828fc0 flushing  nmethod 0x0000029725b67690
Event: 1455.212 Thread 0x000002971c828fc0 flushing  nmethod 0x0000029725b97010
Event: 1455.212 Thread 0x000002971c828fc0 flushing  nmethod 0x0000029725be2d10
Event: 1455.212 Thread 0x000002971c828fc0 flushing  nmethod 0x0000029725bede10
Event: 1455.212 Thread 0x000002971c828fc0 flushing  nmethod 0x0000029725c8c810
Event: 1455.212 Thread 0x000002971c828fc0 flushing  nmethod 0x0000029725cde410
Event: 1455.212 Thread 0x000002971c828fc0 flushing  nmethod 0x0000029725ff5490
Event: 1455.212 Thread 0x000002971c828fc0 flushing  nmethod 0x0000029725ff5f90
Event: 1455.212 Thread 0x000002971c828fc0 flushing  nmethod 0x0000029725ff6390

Events (20 events):
Event: 1369.434 Thread 0x00000297bb18bfe0 Thread added: 0x000002982f4f9f70
Event: 1384.441 Thread 0x000002982f4f7ea0 Thread added: 0x000002982f4fa600
Event: 1424.906 Thread 0x000002982f4ecd70 Thread exited: 0x000002982f4ecd70
Event: 1429.790 Thread 0x000002982f4f9f70 Thread exited: 0x000002982f4f9f70
Event: 1430.935 Thread 0x00000297bb18bfe0 Thread added: 0x000002982f4f3670
Event: 1437.234 Thread 0x00000297bb18bfe0 Thread added: 0x000002982f4ecd70
Event: 1437.237 Thread 0x00000297bb18bfe0 Thread added: 0x000002982f4fda80
Event: 1438.653 Thread 0x0000029705ee77c0 Thread added: 0x000002982f4fc6d0
Event: 1440.164 Thread 0x00000297bb18bfe0 Thread added: 0x00000298376083e0
Event: 1440.186 Thread 0x00000297bb18bfe0 Thread added: 0x0000029837608a70
Event: 1441.561 Thread 0x000002982f4ecd70 Thread added: 0x0000029837611440
Event: 1441.566 Thread 0x00000297bb18bfe0 Thread added: 0x0000029837617d40
Event: 1441.571 Thread 0x000002982f4ecd70 Thread added: 0x00000298376183d0
Event: 1441.577 Thread 0x0000029837611440 Thread added: 0x0000029837611ad0
Event: 1441.584 Thread 0x00000298376183d0 Thread added: 0x0000029837613ba0
Event: 1442.130 Thread 0x00000298376083e0 Thread added: 0x0000029837605c80
Event: 1442.131 Thread 0x0000029837605c80 Thread exited: 0x0000029837605c80
Event: 1442.246 Thread 0x00000298376083e0 Thread added: 0x0000029837605c80
Event: 1442.304 Thread 0x00000298376083e0 Thread added: 0x0000029837606310
Event: 1442.304 Thread 0x0000029837606310 Thread exited: 0x0000029837606310


Dynamic libraries:
0x00007ff796210000 - 0x00007ff79637f000 	C:\Program Files\JetBrains\JetBrains Rider 2024.3.7\bin\rider64.exe
0x00007ffa4e270000 - 0x00007ffa4e468000 	C:\Windows\SYSTEM32\ntdll.dll
0x00007ffa4d520000 - 0x00007ffa4d5e1000 	C:\Windows\System32\KERNEL32.DLL
0x00007ffa4baa0000 - 0x00007ffa4bd9d000 	C:\Windows\System32\KERNELBASE.dll
0x00007ffa4c970000 - 0x00007ffa4ca20000 	C:\Windows\System32\ADVAPI32.dll
0x00007ffa4cd00000 - 0x00007ffa4cd9e000 	C:\Windows\System32\msvcrt.dll
0x00007ffa4d3c0000 - 0x00007ffa4d460000 	C:\Windows\System32\sechost.dll
0x00007ffa4e010000 - 0x00007ffa4e133000 	C:\Windows\System32\RPCRT4.dll
0x00007ffa4c150000 - 0x00007ffa4c177000 	C:\Windows\System32\bcrypt.dll
0x00007ffa4cda0000 - 0x00007ffa4ce6d000 	C:\Windows\System32\OLEAUT32.dll
0x00007ffa4bf00000 - 0x00007ffa4bf9d000 	C:\Windows\System32\msvcp_win.dll
0x00007ffa4bfa0000 - 0x00007ffa4c0a0000 	C:\Windows\System32\ucrtbase.dll
0x00007ffa4ce70000 - 0x00007ffa4d1c3000 	C:\Windows\System32\combase.dll
0x00007ffa2fe70000 - 0x00007ffa30054000 	C:\Windows\SYSTEM32\dbghelp.dll
0x00007ffa4d620000 - 0x00007ffa4dd8f000 	C:\Windows\System32\SHELL32.dll
0x00007ffa4de70000 - 0x00007ffa4e00d000 	C:\Windows\System32\USER32.dll
0x00007ffa4c240000 - 0x00007ffa4c262000 	C:\Windows\System32\win32u.dll
0x00007ffa4d5f0000 - 0x00007ffa4d61b000 	C:\Windows\System32\GDI32.dll
0x00007ffa4b8f0000 - 0x00007ffa4ba07000 	C:\Windows\System32\gdi32full.dll
0x00007ffa4b7e0000 - 0x00007ffa4b80e000 	C:\Windows\SYSTEM32\USERENV.dll
0x00007ffa2f3a0000 - 0x00007ffa2f3c7000 	C:\Windows\SYSTEM32\WINMM.dll
0x00007ffa4b1a0000 - 0x00007ffa4b1ac000 	C:\Windows\SYSTEM32\CRYPTBASE.DLL
0x00007ffa4e150000 - 0x00007ffa4e17f000 	C:\Windows\System32\IMM32.DLL
0x00007ffa49990000 - 0x00007ffa4a133000 	C:\Windows\SYSTEM32\windows.storage.dll
0x00007ffa4b250000 - 0x00007ffa4b27e000 	C:\Windows\SYSTEM32\Wldp.dll
0x00007ffa4c270000 - 0x00007ffa4c31d000 	C:\Windows\System32\SHCORE.dll
0x00007ffa4d300000 - 0x00007ffa4d355000 	C:\Windows\System32\shlwapi.dll
0x00007ffa4b820000 - 0x00007ffa4b844000 	C:\Windows\SYSTEM32\profapi.dll
0x00007ffa4ab20000 - 0x00007ffa4ab53000 	C:\Windows\SYSTEM32\ntmarta.dll
0x00007ffa1b890000 - 0x00007ffa1c651000 	C:\Program Files\JetBrains\JetBrains Rider 2024.3.7\jbr\bin\server\jvm.dll
0x00007ffa4c850000 - 0x00007ffa4c8bb000 	C:\Windows\System32\WS2_32.dll
0x00007ffa4b750000 - 0x00007ffa4b79b000 	C:\Windows\SYSTEM32\POWRPROF.dll
0x00007ffa46a30000 - 0x00007ffa46a3a000 	C:\Windows\SYSTEM32\VERSION.dll
0x00007ffa2c2d0000 - 0x00007ffa2c2eb000 	C:\Program Files\JetBrains\JetBrains Rider 2024.3.7\jbr\bin\VCRUNTIME140.dll
0x00007ffa450e0000 - 0x00007ffa450ec000 	C:\Program Files\JetBrains\JetBrains Rider 2024.3.7\jbr\bin\VCRUNTIME140_1.dll
0x00007ffa4b730000 - 0x00007ffa4b742000 	C:\Windows\SYSTEM32\UMPDC.dll
0x00007ffa41960000 - 0x00007ffa4196a000 	C:\Program Files\JetBrains\JetBrains Rider 2024.3.7\jbr\bin\jimage.dll
0x00007ffa2fe30000 - 0x00007ffa2fe64000 	C:\Windows\SYSTEM32\dbgcore.DLL
0x00007ffa4ba10000 - 0x00007ffa4ba92000 	C:\Windows\System32\bcryptPrimitives.dll
0x00007ffa41440000 - 0x00007ffa4144e000 	C:\Program Files\JetBrains\JetBrains Rider 2024.3.7\jbr\bin\instrument.dll
0x00007ffa2c200000 - 0x00007ffa2c218000 	C:\Program Files\JetBrains\JetBrains Rider 2024.3.7\jbr\bin\jli.dll
0x00007ffa2be90000 - 0x00007ffa2beb0000 	C:\Program Files\JetBrains\JetBrains Rider 2024.3.7\jbr\bin\java.dll
0x00007ffa30b40000 - 0x00007ffa30bf0000 	C:\Windows\WinSxS\amd64_microsoft.windows.common-controls_6595b64144ccf1df_5.82.19041.4355_none_792ecafd2442822f\COMCTL32.dll
0x00007ffa49790000 - 0x00007ffa497a2000 	C:\Windows\SYSTEM32\kernel.appcore.dll
0x00007ffa26f60000 - 0x00007ffa26f78000 	C:\Program Files\JetBrains\JetBrains Rider 2024.3.7\jbr\bin\zip.dll
0x00007ffa3e790000 - 0x00007ffa3e7a0000 	C:\Program Files\JetBrains\JetBrains Rider 2024.3.7\jbr\bin\net.dll
0x00007ffa468f0000 - 0x00007ffa469fd000 	C:\Windows\SYSTEM32\WINHTTP.dll
0x00007ffa4afb0000 - 0x00007ffa4b01a000 	C:\Windows\system32\mswsock.dll
0x00007ffa26b90000 - 0x00007ffa26ba6000 	C:\Program Files\JetBrains\JetBrains Rider 2024.3.7\jbr\bin\nio.dll
0x00007ffa3e150000 - 0x00007ffa3e159000 	C:\Program Files\JetBrains\JetBrains Rider 2024.3.7\jbr\bin\management.dll
0x00007ffa3e0a0000 - 0x00007ffa3e0ab000 	C:\Program Files\JetBrains\JetBrains Rider 2024.3.7\jbr\bin\management_ext.dll
0x00007ffa4c840000 - 0x00007ffa4c848000 	C:\Windows\System32\PSAPI.DLL
0x00007ffa29cb0000 - 0x00007ffa29cc7000 	C:\Windows\system32\napinsp.dll
0x00007ffa27210000 - 0x00007ffa2722b000 	C:\Windows\system32\pnrpnsp.dll
0x00007ffa2ca60000 - 0x00007ffa2ca75000 	C:\Windows\system32\wshbth.dll
0x00007ffa47f20000 - 0x00007ffa47f3d000 	C:\Windows\system32\NLAapi.dll
0x00007ffa4ac90000 - 0x00007ffa4accb000 	C:\Windows\SYSTEM32\IPHLPAPI.DLL
0x00007ffa4acd0000 - 0x00007ffa4ad9a000 	C:\Windows\SYSTEM32\DNSAPI.dll
0x00007ffa4e140000 - 0x00007ffa4e148000 	C:\Windows\System32\NSI.dll
0x00007ffa270b0000 - 0x00007ffa270c2000 	C:\Windows\System32\winrnr.dll
0x00007ffa43300000 - 0x00007ffa4330a000 	C:\Windows\System32\rasadhlp.dll
0x00007ffa44920000 - 0x00007ffa449a0000 	C:\Windows\System32\fwpuclnt.dll
0x00007ffa3e040000 - 0x00007ffa3e050000 	C:\Program Files\JetBrains\JetBrains Rider 2024.3.7\jbr\bin\verify.dll
0x00007ffa1ce00000 - 0x00007ffa1cf98000 	C:\Program Files\JetBrains\JetBrains Rider 2024.3.7\jbr\bin\awt.dll
0x00007ffa495b0000 - 0x00007ffa495df000 	C:\Windows\SYSTEM32\dwmapi.dll
0x00007ffa1f3e0000 - 0x00007ffa1f424000 	C:\Program Files\JetBrains\JetBrains Rider 2024.3.7\jbr\bin\nvdaControllerClient64.dll
0x00007ffa1d0f0000 - 0x00007ffa1d17d000 	C:\Program Files\JetBrains\JetBrains Rider 2024.3.7\bin\MSVCP140.dll
0x00007ffa48bb0000 - 0x00007ffa48c44000 	C:\Windows\SYSTEM32\apphelp.dll
0x00007ffa35de0000 - 0x00007ffa35de9000 	C:\Program Files\JetBrains\JetBrains Rider 2024.3.7\jbr\bin\prefs.dll
0x00007ffa32aa0000 - 0x00007ffa32aae000 	C:\Program Files\JetBrains\JetBrains Rider 2024.3.7\jbr\bin\sunmscapi.dll
0x00007ffa4bda0000 - 0x00007ffa4befc000 	C:\Windows\System32\CRYPT32.dll
0x00007ffa4b2c0000 - 0x00007ffa4b2e9000 	C:\Windows\SYSTEM32\ncrypt.dll
0x00007ffa4b280000 - 0x00007ffa4b2bb000 	C:\Windows\SYSTEM32\NTASN1.dll
0x00007ffa492a0000 - 0x00007ffa4933e000 	C:\Windows\system32\uxtheme.dll
0x00007ffa314b0000 - 0x00007ffa314b7000 	C:\Windows\system32\wshunix.dll
0x00007ffa2c9e0000 - 0x00007ffa2c9e9000 	C:\Program Files\JetBrains\JetBrains Rider 2024.3.7\jbr\bin\extnet.dll
0x00007ffa4d1e0000 - 0x00007ffa4d2f5000 	C:\Windows\System32\MSCTF.dll
0x00007ffa4cbd0000 - 0x00007ffa4ccfb000 	C:\Windows\System32\ole32.dll
0x00007ffa1cd70000 - 0x00007ffa1cdf7000 	C:\Program Files\JetBrains\JetBrains Rider 2024.3.7\jbr\bin\freetype.dll
0x00007ffa1b7b0000 - 0x00007ffa1b88e000 	C:\Program Files\JetBrains\JetBrains Rider 2024.3.7\jbr\bin\fontmanager.dll
0x00007ffa1efa0000 - 0x00007ffa1efe5000 	C:\Program Files\JetBrains\JetBrains Rider 2024.3.7\lib\jna\amd64\jnidispatch.dll
0x00007ffa46b20000 - 0x00007ffa46b34000 	C:\Windows\system32\Wtsapi32.dll
0x00007ffa4b620000 - 0x00007ffa4b67b000 	C:\Windows\SYSTEM32\WINSTA.dll
0x00007ffa2dd80000 - 0x00007ffa2dea8000 	C:\Windows\system32\opengl32.dll
0x00007ffa2e8d0000 - 0x00007ffa2e8fc000 	C:\Windows\SYSTEM32\GLU32.dll
0x00007ffa4b1b0000 - 0x00007ffa4b1c8000 	C:\Windows\SYSTEM32\CRYPTSP.dll
0x00007ffa4a8d0000 - 0x00007ffa4a904000 	C:\Windows\system32\rsaenh.dll
0x00007ffa4b3e0000 - 0x00007ffa4b3f2000 	C:\Windows\SYSTEM32\MSASN1.dll
0x00007ffa4c8c0000 - 0x00007ffa4c969000 	C:\Windows\System32\clbcatq.dll
0x00007ffa40ce0000 - 0x00007ffa40cf1000 	C:\Windows\system32\wbem\wbemprox.dll
0x00007ffa41350000 - 0x00007ffa413e0000 	C:\Windows\SYSTEM32\wbemcomn.dll
0x00007ffa3db00000 - 0x00007ffa3db14000 	C:\Windows\system32\wbem\wbemsvc.dll
0x00007ffa3e900000 - 0x00007ffa3ea0c000 	C:\Windows\system32\wbem\fastprox.dll
0x00007ffa40ed0000 - 0x00007ffa40eef000 	C:\Windows\SYSTEM32\amsi.dll
0x00007ffa37db0000 - 0x00007ffa37fdc000 	C:\Program Files (x86)\Kaspersky Lab\Kaspersky Endpoint Security for Windows\x64\antimalware_provider.dll
0x00007ffa45d80000 - 0x00007ffa45d97000 	C:\Windows\SYSTEM32\dhcpcsvc6.DLL
0x00007ffa46180000 - 0x00007ffa4619d000 	C:\Windows\SYSTEM32\dhcpcsvc.DLL
0x00007ffa25120000 - 0x00007ffa252c5000 	C:\Windows\WinSxS\amd64_microsoft.windows.gdiplus_6595b64144ccf1df_1.1.19041.4597_none_91a78020cc854124\gdiplus.dll
0x00007ffa376f0000 - 0x00007ffa3798a000 	C:\Windows\WinSxS\amd64_microsoft.windows.common-controls_6595b64144ccf1df_6.0.19041.4355_none_60b8b9eb71f62e16\comctl32.dll
0x00007ffa49090000 - 0x00007ffa49246000 	C:\Windows\SYSTEM32\WindowsCodecs.dll
0x00007ffa29250000 - 0x00007ffa2928e000 	C:\Windows\system32\dataexchange.dll
0x00007ffa47aa0000 - 0x00007ffa47d03000 	C:\Windows\system32\d3d11.dll
0x00007ffa4a180000 - 0x00007ffa4a276000 	C:\Windows\system32\dxgi.dll
0x00007ffa47d30000 - 0x00007ffa47f14000 	C:\Windows\system32\dcomp.dll
0x00007ffa45310000 - 0x00007ffa45513000 	C:\Windows\system32\twinapi.appcore.dll
0x00007ffa2cc60000 - 0x00007ffa2cd59000 	C:\Windows\SYSTEM32\textinputframework.dll
0x00007ffa48370000 - 0x00007ffa486cb000 	C:\Windows\System32\CoreUIComponents.dll
0x00007ffa48820000 - 0x00007ffa48912000 	C:\Windows\System32\CoreMessaging.dll
0x00007ffa46dd0000 - 0x00007ffa46f27000 	C:\Windows\SYSTEM32\wintypes.dll
0x00007ffa13520000 - 0x00007ffa13558000 	C:\Program Files\JetBrains\JetBrains Rider 2024.3.7\bin\WinShellIntegrationBridge.dll
0x00007ffa2bde0000 - 0x00007ffa2be74000 	C:\Windows\System32\appresolver.dll
0x00007ffa2c9f0000 - 0x00007ffa2ca4b000 	C:\Windows\System32\Bcp47Langs.dll
0x00007ffa4a400000 - 0x00007ffa4a429000 	C:\Windows\System32\SLC.dll
0x00007ffa4a3d0000 - 0x00007ffa4a3f5000 	C:\Windows\System32\sppc.dll
0x00007ffa46610000 - 0x00007ffa46706000 	C:\Windows\system32\propsys.dll
0x00007ffa4e180000 - 0x00007ffa4e1f9000 	C:\Windows\System32\coml2.dll
0x00007ffa256a0000 - 0x00007ffa2581e000 	C:\Windows\System32\TaskFlowDataEngine.dll
0x00007ffa30210000 - 0x00007ffa306e4000 	C:\Windows\System32\cdp.dll
0x00007ffa4c180000 - 0x00007ffa4c1ce000 	C:\Windows\System32\cfgmgr32.dll
0x00007ffa46f30000 - 0x00007ffa47071000 	C:\Windows\System32\dsreg.dll
0x00007ffa4a960000 - 0x00007ffa4a9ea000 	C:\Windows\System32\msvcp110_win.dll
0x00007ffa307d0000 - 0x00007ffa3084f000 	C:\Windows\System32\OneCoreCommonProxyStub.dll
0x00007ffa270a0000 - 0x00007ffa270ad000 	C:\Windows\SYSTEM32\LINKINFO.dll
0x00007ffa27570000 - 0x00007ffa275ed000 	C:\Windows\SYSTEM32\ntshrui.dll
0x00007ffa4b7a0000 - 0x00007ffa4b7d2000 	C:\Windows\SYSTEM32\SspiCli.dll
0x00007ffa40b20000 - 0x00007ffa40b48000 	C:\Windows\SYSTEM32\srvcli.dll
0x00007ffa32ee0000 - 0x00007ffa32ef2000 	C:\Windows\SYSTEM32\cscapi.dll
0x00007ffa46c30000 - 0x00007ffa46cd1000 	C:\Windows\SYSTEM32\policymanager.dll

dbghelp: loaded successfully - version: 4.0.5 - missing functions: none
symbol engine: initialized successfully - sym options: 0x614 - pdb path: .;C:\Program Files\JetBrains\JetBrains Rider 2024.3.7\bin;C:\Windows\SYSTEM32;C:\Program Files\JetBrains\JetBrains Rider 2024.3.7\jbr\bin\server;C:\Program Files\JetBrains\JetBrains Rider 2024.3.7\jbr\bin;C:\Windows\WinSxS\amd64_microsoft.windows.common-controls_6595b64144ccf1df_5.82.19041.4355_none_792ecafd2442822f;C:\Program Files\JetBrains\JetBrains Rider 2024.3.7\lib\jna\amd64;C:\Windows\system32\wbem;C:\Program Files (x86)\Kaspersky Lab\Kaspersky Endpoint Security for Windows\x64;C:\Windows\WinSxS\amd64_microsoft.windows.gdiplus_6595b64144ccf1df_1.1.19041.4597_none_91a78020cc854124;C:\Windows\WinSxS\amd64_microsoft.windows.common-controls_6595b64144ccf1df_6.0.19041.4355_none_60b8b9eb71f62e16

VM Arguments:
jvm_args: abort vfprintf -XX:ErrorFile=C:\Users\user\java_error_in_rider_%p.log -XX:HeapDumpPath=C:\Users\user\java_error_in_rider.hprof -Xms128m -Xmx2048m -XX:ReservedCodeCacheSize=512m -XX:+HeapDumpOnOutOfMemoryError -XX:-OmitStackTraceInFastThrow -XX:CICompilerCount=2 -XX:+IgnoreUnrecognizedVMOptions -ea -Dsun.io.useCanonCaches=false -Dsun.java2d.metal=true -Djbr.catch.SIGABRT=true -Djdk.http.auth.tunneling.disabledSchemes="" -Djdk.attach.allowAttachSelf=true -Djdk.module.illegalAccess.silent=true -Djdk.nio.maxCachedBufferSize=2097152 -Djava.util.zip.use.nio.for.zip.file.access=true -Dkotlinx.coroutines.debug=off -XX:+UnlockDiagnosticVMOptions -XX:TieredOldPercentage=100000 -Dllm.show.ai.promotion.window.on.start=false -Dwsl.use.remote.agent.for.nio.filesystem=true -Djava.nio.file.spi.DefaultFileSystemProvider=com.intellij.platform.core.nio.fs.MultiRoutingFileSystemProvider -Djava.security.manager=com.intellij.platform.core.nio.fs.CoreBootstrapSecurityManager -Xms128m -Xmx2048m -XX:ReservedCodeCacheSize=512m -XX:+IgnoreUnrecognizedVMOptions -XX:+UseG1GC -XX:SoftRefLRUPolicyMSPerMB=50 -XX:CICompilerCount=2 -XX:+HeapDumpOnOutOfMemoryError -XX:-OmitStackTraceInFastThrow -ea -Dsun.io.useCanonCaches=false -Djdk.http.auth.tunneling.disabledSchemes="" -Djdk.attach.allowAttachSelf=true -Djdk.module.illegalAccess.silent=true -Dkotlinx.coroutines.debug=off -XX:ErrorFile=$USER_HOME/java_error_in_idea_%p.log -XX:HeapDumpPath=$USER_HOME/java_error_in_idea.hprof --add-opens=java.base/jdk.internal.org.objectweb.asm=ALL-UNNAMED --add-opens=java.base/jdk.internal.org.objectweb.asm.tree=ALL-UNNAMED -javaagent:C:\jetbra\ja-netfilter.jar=jetbrains -Djb.vmOptionsFile=C:\jetbra\vmoptions\rider.vmoptions -Djava.system.class.loader=com.intellij.util.lang.PathClassLoader -Didea.vendor.name=JetBrains -Didea.paths.selector=Rider2024.3 -Djna.boot.library.path=C:\Program Files\JetBrains\JetBrains Rider 2024.3.7/lib/jna/amd64 -Dpty4j.preferred.native.folder=C:\Program Files\JetBrains\JetBrains Rider 2024.3.7/lib/pty4j -Djna.nosys=true -Djna.noclasspath=true -Dintellij.platform.runtime.repository.path=C:\Program Files\JetBrains\JetBrains Rider 2024.3.7/modules/module-descriptors.jar -Didea.platform.prefix=Rider -Dide.native.launcher=true -Didea.class.before.app=com.jetbrains.rider.protocol.EarlyBackendStarter -Didea.show.customize.ide.wizard=true -DFilePageCache.THROW_ERROR_ON_DUPLICATE_STORAGE_REGISTRATION=false -Dsplash=true -Daether.connector.resumeDownloads=false -Dcompose.swing.render.on.graphics=true --add-opens=java.base/java.io=ALL-UNNAMED --add-opens=java.base/java.lang=ALL-UNNAMED --add-opens=java.base/java.lang.ref=ALL-UNNAMED --add-opens=java.base/java.lang.reflect=ALL-UNNAMED --add-opens=java.base/java.net=ALL-UNNAMED --add-opens=java.base/java.nio=ALL-UNNAMED --add-opens=java.base/java.nio.charset=ALL-UNNAMED --add-opens=java.base/java.text=ALL-UNNAMED --add-opens=java.base/java.time=ALL-UNNAMED --add-opens=java.base/java.util=ALL-UNNAMED --add-opens=java.base/java.util.concurrent=ALL-UNNAMED --add-opens=java.base/java.util.concurrent.atomic=ALL-UNNAMED --add-opens=java.base/java.util.concurrent.locks=ALL-UNNAMED --add-opens=java.base/jdk.internal.vm=ALL-UNNAMED --add-opens=java.base/sun.net.dns=ALL-UNNAMED --add-opens=java.base/sun.nio.ch=ALL-UNNAMED --add-opens=java.base/sun.nio.fs=ALL-UNNAMED --add-opens=java.base/sun.security.ssl=ALL-UNNAMED --add-opens=java.base/sun.security.util=ALL-UNNAMED --add-opens=java.desktop/com.sun.java.swing=ALL-UNNAMED --add-opens=java.desktop/java.awt=ALL-UNNAMED --add-opens=java.desktop/java.awt.dnd.peer=ALL-UNNAMED --add-opens=java.desktop/java.awt.event=ALL-UNNAMED --add-opens=java.desktop/java.awt.font=ALL-UNNAMED --add-opens=java.desktop/java.awt.image=ALL-UNNAMED --add-opens=java.desktop/java.awt.peer=ALL-UNNAMED --add-opens=java.desktop/javax.swing=ALL-UNNAMED --add-opens=java.desktop/javax.swing.plaf.basic=ALL-UNNAMED --add-opens=java.desktop/javax.swing.text=ALL-UNNAMED --add-opens=java.desktop/javax.swing.text.html=ALL-UNNAMED --add-opens=java.desktop/sun.awt=ALL-UNNAMED --add-opens=java.desktop/sun.awt.datatransfer=ALL-UNNAMED --add-opens=java.desktop/sun.awt.image=ALL-UNNAMED --add-opens=java.desktop/sun.awt.windows=ALL-UNNAMED --add-opens=java.desktop/sun.font=ALL-UNNAMED --add-opens=java.desktop/sun.java2d=ALL-UNNAMED --add-opens=java.desktop/sun.swing=ALL-UNNAMED --add-opens=java.management/sun.management=ALL-UNNAMED --add-opens=jdk.attach/sun.tools.attach=ALL-UNNAMED --add-opens=jdk.compiler/com.sun.tools.javac.api=ALL-UNNAMED --add-opens=jdk.internal.jvmstat/sun.jvmstat.monitor=ALL-UNNAMED --add-opens=jdk.jdi/com.sun.tools.jdi=ALL-UNNAMED -Dide.native.launcher=true -Djcef.sandbox.ptr=000002971C801FA0 -Djcef.sandbox.cefVersion=122.1.9+gd14e051+chromium-122.0.6261.94 
java_command: com.intellij.idea.Main C:\Users\user\Desktop\234234\courseWork2\courseWork2.sln
java_class_path (initial): C:\Program Files\JetBrains\JetBrains Rider 2024.3.7\lib\platform-loader.jar;C:\Program Files\JetBrains\JetBrains Rider 2024.3.7\lib\util-8.jar;C:\Program Files\JetBrains\JetBrains Rider 2024.3.7\lib\util.jar;C:\Program Files\JetBrains\JetBrains Rider 2024.3.7\lib\app-client.jar;C:\Program Files\JetBrains\JetBrains Rider 2024.3.7\lib\util_rt.jar;C:\Program Files\JetBrains\JetBrains Rider 2024.3.7\lib\product.jar;C:\Program Files\JetBrains\JetBrains Rider 2024.3.7\lib\opentelemetry.jar;C:\Program Files\JetBrains\JetBrains Rider 2024.3.7\lib\app.jar;C:\Program Files\JetBrains\JetBrains Rider 2024.3.7\lib\product-client.jar;C:\Program Files\JetBrains\JetBrains Rider 2024.3.7\lib\lib-client.jar;C:\Program Files\JetBrains\JetBrains Rider 2024.3.7\lib\stats.jar;C:\Program Files\JetBrains\JetBrains Rider 2024.3.7\lib\jps-model.jar;C:\Program Files\JetBrains\JetBrains Rider 2024.3.7\lib\external-system-rt.jar;C:\Program Files\JetBrains\JetBrains Rider 2024.3.7\lib\rd.jar;C:\Program Files\JetBrains\JetBrains Rider 2024.3.7\lib\bouncy-castle.jar;C:\Program Files\JetBrains\JetBrains Rider 2024.3.7\lib\protobuf.jar;C:\Program Files\JetBrains\JetBrains Rider 2024.3.7\lib\forms_rt.jar;C:\Program Files\JetBrains\JetBrains Rider 2024.3.7\lib\lib.jar;C:\Program Files\JetBrains\JetBrains Rider 2024.3.7\lib\externalProcess-rt.jar;C:\Program Files\JetBrains\JetBrains Rider 2024.3.7\lib\groovy.jar;C:\Program Files\JetBrains\JetBrains Rider 2024.3.7\lib\annotations.jar;C:\Program Files\JetBrains\JetBrains Rider 2024.3.7\lib\jsch-agent.jar;C:\Program Files\JetBrains\JetBrains Rider 2024.3.7\lib\kotlinx-coroutines-slf4j-1.8.0-intellij.jar;C:\Program Files\JetBrains\JetBrains Rider 2024.3.7\lib\nio-fs.jar;C:\Program Files\JetBrains\JetBrains Rider 2024.3.7\lib\trove.jar
Launcher Type: generic

[Global flags]
     intx CICompilerCount                          = 2                                         {product} {command line}
     uint ConcGCThreads                            = 2                                         {product} {ergonomic}
    ccstr ErrorFile                                = $USER_HOME/java_error_in_idea_%p.log            {product} {command line}
     uint G1ConcRefinementThreads                  = 8                                         {product} {ergonomic}
   size_t G1HeapRegionSize                         = 1048576                                   {product} {ergonomic}
    uintx GCDrainStackTargetSize                   = 64                                        {product} {ergonomic}
     bool HeapDumpOnOutOfMemoryError               = true                                   {manageable} {command line}
    ccstr HeapDumpPath                             = $USER_HOME/java_error_in_idea.hprof         {manageable} {command line}
     bool IgnoreUnrecognizedVMOptions              = true                                      {product} {command line}
   size_t InitialHeapSize                          = 134217728                                 {product} {command line}
   size_t MarkStackSize                            = 4194304                                   {product} {ergonomic}
   size_t MaxHeapSize                              = 2147483648                                {product} {command line}
   size_t MaxNewSize                               = 1287651328                                {product} {ergonomic}
   size_t MinHeapDeltaBytes                        = 1048576                                   {product} {ergonomic}
   size_t MinHeapSize                              = 134217728                                 {product} {command line}
    uintx NonNMethodCodeHeapSize                   = 5826188                                {pd product} {ergonomic}
    uintx NonProfiledCodeHeapSize                  = 265522362                              {pd product} {ergonomic}
     bool OmitStackTraceInFastThrow                = false                                     {product} {command line}
    uintx ProfiledCodeHeapSize                     = 265522362                              {pd product} {ergonomic}
    uintx ReservedCodeCacheSize                    = 536870912                              {pd product} {command line}
     bool SegmentedCodeCache                       = true                                      {product} {ergonomic}
   size_t SoftMaxHeapSize                          = 2147483648                             {manageable} {ergonomic}
     intx SoftRefLRUPolicyMSPerMB                  = 50                                        {product} {command line}
     intx TieredOldPercentage                      = 100000                                 {diagnostic} {command line}
     bool UnlockDiagnosticVMOptions                = true                                   {diagnostic} {command line}
     bool UseCompressedOops                        = true                           {product lp64_product} {ergonomic}
     bool UseG1GC                                  = true                                      {product} {command line}
     bool UseLargePagesIndividualAllocation        = false                                  {pd product} {ergonomic}

Logging:
Log output configuration:
 #0: stdout all=warning uptime,level,tags foldmultilines=false
 #1: stderr all=off uptime,level,tags foldmultilines=false

Environment Variables:
PATH=C:\msys64\mingw32\bin;C:\Program Files (x86)\Common Files\Oracle\Java\javapath;C:\Windows\system32;C:\Windows;C:\Windows\System32\Wbem;C:\Windows\System32\WindowsPowerShell\v1.0\;C:\Windows\System32\OpenSSH\;C:\Program Files\Git\cmd;C:\Program Files\nodejs\;C:\FPC\3.0.4\bin\i386-Win32;C:\Program Files\dotnet\;C:\Program Files (x86)\Microsoft SQL Server\160\DTS\Binn\;C:\Program Files\Azure Data Studio\bin;C:\Users\user\AppData\Local\Programs\Python\Launcher\;C:\Users\user\AppData\Local\Microsoft\WindowsApps;C:\Users\user\AppData\Local\Programs\Git\cmd;C:\Users\user\.dotnet\tools
USERNAME=user
OS=Windows_NT
PROCESSOR_IDENTIFIER=Intel64 Family 6 Model 165 Stepping 3, GenuineIntel
TMP=C:\Users\user\AppData\Local\Temp
TEMP=C:\Users\user\AppData\Local\Temp




Periodic native trim disabled

JNI global refs:
JNI global refs: 130, weak refs: 149

JNI global refs memory usage: 2099, weak refs: 5321

Process memory usage:
Resident Set Size: 1276516K (15% of 8164832K total physical memory with 734112K free physical memory)

OOME stack traces (most recent first):
Classloader memory used:
Loader com.intellij.util.lang.PathClassLoader                                          : 193M
Loader com.intellij.ide.plugins.cl.PluginClassLoader                                   : 75482K
Loader bootstrap                                                                       : 42926K
Loader jdk.internal.loader.ClassLoaders$AppClassLoader                                 : 725K
Loader jdk.internal.loader.ClassLoaders$PlatformClassLoader                            : 700K
Loader jdk.internal.reflect.DelegatingClassLoader                                      : 95592B
Loader sun.reflect.misc.MethodUtil                                                     : 4216B

Classes loaded by more than one classloader:
Class com.intellij.ultimate.PluginVerifier                                            : loaded 3 times (x 67B)
Class kotlin.NotImplementedError                                                      : loaded 2 times (x 78B)
Class kotlin.sequences.FilteringSequence$iterator$1                                   : loaded 2 times (x 75B)
Class kotlin.sequences.SequencesKt__SequenceBuilderKt                                 : loaded 2 times (x 67B)
Class kotlin.collections.CollectionsKt__ReversedViewsKt                               : loaded 2 times (x 67B)
Class ai.grazie.nlp.patterns.standard.LikelyPatterns$ActionNameEllipsis$1             : loaded 2 times (x 91B)
Class ai.grazie.text.TextRange$Companion                                              : loaded 2 times (x 67B)
Class ai.grazie.nlp.patterns.ext.AbbreviationPatterns$English$1$1                     : loaded 2 times (x 91B)
Class ai.grazie.nlp.langs.LanguageISO$Companion                                       : loaded 2 times (x 67B)
Class kotlin.sequences.TransformingSequence                                           : loaded 2 times (x 71B)
Class ai.grazie.nlp.langs.alphabet.NoneAlphabet                                       : loaded 2 times (x 72B)
Class [Lai.grazie.nlp.patterns.MatchPattern;                                          : loaded 2 times (x 65B)
Class ai.grazie.nlp.langs.Language$Companion$1                                        : loaded 2 times (x 74B)
Class kotlin.sequences.SequencesKt___SequencesKt                                      : loaded 2 times (x 67B)
Class [Lai.grazie.nlp.langs.alphabet.Alphabet;                                        : loaded 2 times (x 65B)
Class [Lai.grazie.nlp.langs.LanguageISO;                                              : loaded 2 times (x 65B)
Class kotlin.text.StringsKt__AppendableKt                                             : loaded 2 times (x 67B)
Class ai.grazie.nlp.patterns.Pattern                                                  : loaded 2 times (x 66B)
Class ai.grazie.utils.mpp.RootDataLoader                                              : loaded 2 times (x 66B)
Class kotlin.text.StringsKt__StringNumberConversionsJVMKt                             : loaded 2 times (x 67B)
Class com.intellij.platform.core.nio.fs.MultiRoutingFileSystemProvider                : loaded 2 times (x 105B)
Class kotlin.collections.CollectionsKt___CollectionsKt$asSequence$$inlined$Sequence$1 : loaded 2 times (x 71B)
Class ai.grazie.nlp.patterns.ext.AbbreviationPatterns$German$1$2                      : loaded 2 times (x 91B)
Class kotlin.coroutines.jvm.internal.SuspendLambda                                    : loaded 2 times (x 87B)
Class ai.grazie.nlp.patterns.MatchPattern                                             : loaded 2 times (x 66B)
Class kotlin.text.StringsKt__RegexExtensionsJVMKt                                     : loaded 2 times (x 67B)
Class kotlin.collections.CollectionsKt__CollectionsKt                                 : loaded 2 times (x 67B)
Class [Lai.grazie.nlp.langs.alphabet.Alphabet$Group;                                  : loaded 2 times (x 65B)
Class ai.grazie.nlp.langs.alphabet.Alphabet$Group                                     : loaded 2 times (x 75B)
Class kotlin.jvm.internal.FunctionBase                                                : loaded 2 times (x 66B)
Class ai.grazie.nlp.patterns.standard.LikelyPatterns$IsCompositeInflection$1$1        : loaded 2 times (x 91B)
Class ai.grazie.nlp.langs.Language$Companion                                          : loaded 2 times (x 67B)
Class kotlin.comparisons.ComparisonsKt___ComparisonsJvmKt                             : loaded 2 times (x 67B)
Class kotlin.collections.CollectionsKt__IteratorsJVMKt                                : loaded 2 times (x 67B)
Class ai.grazie.nlp.patterns.Pattern$Exclusion                                        : loaded 2 times (x 89B)
Class ai.grazie.nlp.patterns.standard.LikelyPatterns$ChatTextEmoji$1                  : loaded 2 times (x 91B)
Class ai.grazie.nlp.patterns.standard.LikelyPatterns$IsMention$1$1                    : loaded 2 times (x 91B)
Class kotlin.sequences.TransformingSequence$iterator$1                                : loaded 2 times (x 75B)
Class kotlin.collections.CollectionsKt__MutableCollectionsKt                          : loaded 2 times (x 67B)
Class ai.grazie.DataHolder$Key                                                        : loaded 2 times (x 67B)
Class ai.grazie.nlp.patterns.standard.LikelyPatterns$Chemical$1$1                     : loaded 2 times (x 91B)
Class ai.grazie.nlp.patterns.ext.AbbreviationPatterns                                 : loaded 2 times (x 67B)
Class ai.grazie.utils.CollectionsKt                                                   : loaded 2 times (x 67B)
Class kotlin.collections.EmptyList                                                    : loaded 2 times (x 170B)
Class kotlin.collections.MapsKt__MapsJVMKt                                            : loaded 2 times (x 67B)
Class ai.grazie.nlp.patterns.ext.AbbreviationPatterns$CaseDotVaryingPattern$delegate$1$2: loaded 2 times (x 75B)
Class ai.grazie.nlp.patterns.standard.LikelyPatterns$ChainedName$1$1                  : loaded 2 times (x 91B)
Class ai.grazie.nlp.patterns.standard.LikelyPatterns$CommandLineOption$1              : loaded 2 times (x 91B)
Class ai.grazie.nlp.patterns.ext.AbbreviationPatterns$CaseDotVaryingPattern$delegate$1$3: loaded 2 times (x 92B)
Class ai.grazie.nlp.patterns.standard.LikelyPatterns$IsURL$1                          : loaded 2 times (x 89B)
Class kotlin.ResultKt                                                                 : loaded 2 times (x 67B)
Class ai.grazie.utils.mpp.TextRegex                                                   : loaded 2 times (x 67B)
Class ai.grazie.utils.mpp.Platform                                                    : loaded 2 times (x 75B)
Class ai.grazie.nlp.patterns.Pattern$After                                            : loaded 2 times (x 89B)
Class ai.grazie.nlp.langs.alphabet.Alphabet$Companion                                 : loaded 2 times (x 67B)
Class ai.grazie.nlp.patterns.standard.LikelyPatterns$IsCommitHash$1                   : loaded 2 times (x 91B)
Class ai.grazie.nlp.patterns.ext.AbbreviationPatterns$All$1                           : loaded 2 times (x 91B)
Class ai.grazie.nlp.patterns.standard.LikelyPatterns                                  : loaded 2 times (x 67B)
Class ai.grazie.nlp.patterns.AhoCorasickPattern$TrieNode                              : loaded 2 times (x 68B)
Class ai.grazie.nlp.patterns.ext.AbbreviationPatterns$Ukrainian$1$1                   : loaded 2 times (x 91B)
Class kotlin.text.StringsKt__StringsJVMKt                                             : loaded 2 times (x 67B)
Class ai.grazie.nlp.patterns.AhoCorasickPattern$AhoCorasickBuilder                    : loaded 2 times (x 68B)
Class kotlin.text.StringsKt__IndentKt                                                 : loaded 2 times (x 67B)
Class ai.grazie.nlp.langs.alphabet.Alphabet$Group$1                                   : loaded 2 times (x 74B)
Class ai.grazie.nlp.patterns.Pattern$Before                                           : loaded 2 times (x 92B)
Class ai.grazie.nlp.langs.alphabet.Alphabet$Group$2                                   : loaded 2 times (x 74B)
Class kotlin.collections.MapsKt__MapsKt                                               : loaded 2 times (x 67B)
Class ai.grazie.nlp.langs.alphabet.Alphabet$Group$3                                   : loaded 2 times (x 74B)
Class kotlin.text.StringsKt__StringsKt                                                : loaded 2 times (x 67B)
Class ai.grazie.nlp.langs.alphabet.Alphabet$Group$4                                   : loaded 2 times (x 74B)
Class kotlin.Metadata                                                                 : loaded 2 times (x 66B)
Class kotlin.UninitializedPropertyAccessException                                     : loaded 2 times (x 78B)
Class ai.grazie.nlp.patterns.standard.LikelyPatterns$IsIBAN$1$1                       : loaded 2 times (x 91B)
Class ai.grazie.nlp.patterns.LambdaMatchPattern                                       : loaded 2 times (x 71B)
Class [Lai.grazie.nlp.patterns.Pattern;                                               : loaded 2 times (x 65B)
Class ai.grazie.nlp.langs.alphabet.Alphabet$Group$5                                   : loaded 2 times (x 74B)
Class ai.grazie.nlp.langs.LanguageISO$Companion$1                                     : loaded 2 times (x 74B)
Class ai.grazie.nlp.langs.alphabet.Alphabet$Group$6                                   : loaded 2 times (x 74B)
Class ai.grazie.nlp.patterns.Pattern$beforeWordBoundary$1                             : loaded 2 times (x 92B)
Class ai.grazie.nlp.langs.alphabet.Alphabet$Group$7                                   : loaded 2 times (x 74B)
Class ai.grazie.nlp.patterns.standard.LikelyPatterns$IsEmail$1                        : loaded 2 times (x 91B)
Class ai.grazie.nlp.langs.Language$Companion$all$2                                    : loaded 2 times (x 74B)
Class ai.grazie.nlp.langs.alphabet.Alphabet$Group$8                                   : loaded 2 times (x 74B)
Class kotlin.coroutines.intrinsics.IntrinsicsKt__IntrinsicsKt                         : loaded 2 times (x 67B)
Class ai.grazie.utils.mpp.Platform$Companion                                          : loaded 2 times (x 67B)
Class kotlin.collections.CollectionsKt__CollectionsJVMKt                              : loaded 2 times (x 67B)
Class kotlin.sequences.SequencesKt                                                    : loaded 2 times (x 67B)
Class kotlin.collections.CollectionsKt__IteratorsKt                                   : loaded 2 times (x 67B)
Class kotlin.text.StringsKt                                                           : loaded 2 times (x 67B)
Class ai.grazie.nlp.langs.LanguageISO                                                 : loaded 2 times (x 75B)
Class com.intellij.codeInsight.inline.completion.backend.split.BackendInlineCompletionHandler$Companion: loaded 2 times (x 67B)
Class ai.grazie.nlp.patterns.ext.AbbreviationPatterns$UpperCaseSequence$1             : loaded 2 times (x 91B)
Class [Lai.grazie.nlp.patterns.AhoCorasickPattern$AhoCorasickBuilder$AutomataBuilderNode;: loaded 2 times (x 65B)
Class kotlin.text.StringsKt__StringNumberConversionsKt                                : loaded 2 times (x 67B)
Class kotlin.sequences.SequencesKt___SequencesKt$sortedWith$1                         : loaded 2 times (x 71B)
Class ai.grazie.nlp.patterns.standard.LikelyPatterns$IsRebusAbbreviation$1            : loaded 2 times (x 91B)
Class com.intellij.platform.core.nio.fs.CoreBootstrapSecurityManager                  : loaded 2 times (x 98B)
Class com.intellij.platform.core.nio.fs.DelegatingFileSystemProvider                  : loaded 2 times (x 104B)
Class ai.grazie.nlp.patterns.standard.LikelyPatterns$IsFilePath$1$1                   : loaded 2 times (x 91B)
Class ai.grazie.nlp.patterns.ext.AbbreviationPatterns$CaseDotVaryingPattern$delegate$lambda$9$$inlined$sortedBy$1: loaded 2 times (x 85B)
Class ai.grazie.nlp.patterns.standard.LikelyPatterns$IsEncodedBinary$1                : loaded 2 times (x 74B)
Class ai.grazie.nlp.langs.alphabet.RegexAlphabet                                      : loaded 2 times (x 72B)
Class ai.grazie.nlp.patterns.AggregatedPattern                                        : loaded 2 times (x 91B)
Class ai.grazie.utils.mpp.PlatformKt$WhenMappings                                     : loaded 2 times (x 67B)
Class ai.grazie.nlp.patterns.ext.AbbreviationPatterns$latinSIUnits$1                  : loaded 2 times (x 91B)
Class kotlin.collections.EmptyIterator                                                : loaded 2 times (x 85B)
Class kotlin.text.StringsKt__RegexExtensionsKt                                        : loaded 2 times (x 67B)
Class kotlin.sequences.SequencesKt__SequencesJVMKt                                    : loaded 2 times (x 67B)
Class ai.grazie.nlp.patterns.Pattern$before$1                                         : loaded 2 times (x 92B)
Class ai.grazie.utils.CollectionFactory                                               : loaded 2 times (x 67B)
Class ai.grazie.utils.mpp.Resources                                                   : loaded 2 times (x 67B)
Class ai.grazie.utils.mpp.StreamDataLoader                                            : loaded 2 times (x 66B)
Class dk.brics.automaton.Transition                                                   : loaded 2 times (x 73B)
Class dk.brics.automaton.RunAutomaton                                                 : loaded 2 times (x 79B)
Class kotlin.text.StringsKt__StringBuilderJVMKt                                       : loaded 2 times (x 67B)
Class ai.grazie.nlp.patterns.standard.LikelyPatterns$GeneratedId$1                    : loaded 2 times (x 91B)
Class ai.grazie.nlp.langs.alphabet.Alphabet$Group$Companion                           : loaded 2 times (x 67B)
Class ai.grazie.nlp.patterns.Pattern$Companion                                        : loaded 2 times (x 67B)
Class kotlin.comparisons.ComparisonsKt__ComparisonsKt                                 : loaded 2 times (x 67B)
Class kotlin.sequences.SequencesKt__SequencesKt                                       : loaded 2 times (x 67B)
Class ai.grazie.nlp.patterns.ext.AbbreviationPatterns$Russian$1$1                     : loaded 2 times (x 91B)
Class kotlin.comparisons.ComparisonsKt                                                : loaded 2 times (x 67B)
Class kotlin.comparisons.ComparisonsKt___ComparisonsKt                                : loaded 2 times (x 67B)
Class kotlin.sequences.FilteringSequence                                              : loaded 2 times (x 71B)
Class ai.grazie.nlp.patterns.standard.LikelyPatterns$IsGermanNumeral$1                : loaded 2 times (x 91B)
Class kotlin.collections.CollectionsKt___CollectionsJvmKt                             : loaded 2 times (x 67B)
Class [Lai.grazie.nlp.langs.Language;                                                 : loaded 2 times (x 65B)
Class ai.grazie.nlp.langs.alphabet.Alphabet                                           : loaded 2 times (x 72B)
Class [Ldk.brics.automaton.Transition;                                                : loaded 2 times (x 65B)
Class kotlin.sequences.SequencesKt___SequencesJvmKt                                   : loaded 2 times (x 67B)
Class ai.grazie.nlp.patterns.Pattern$afterWordBoundary$1                              : loaded 2 times (x 89B)
Class dk.brics.automaton.BasicAutomata                                                : loaded 2 times (x 67B)
Class dk.brics.automaton.TransitionComparator                                         : loaded 2 times (x 87B)
Class dk.brics.automaton.Automaton                                                    : loaded 2 times (x 130B)
Class kotlin.collections.MapsKt___MapsJvmKt                                           : loaded 2 times (x 67B)
Class ai.grazie.text.TextRange                                                        : loaded 2 times (x 67B)
Class ai.grazie.utils.mpp.DataLoader                                                  : loaded 2 times (x 66B)
Class dk.brics.automaton.State                                                        : loaded 2 times (x 82B)
Class kotlin.collections.CollectionsKt___CollectionsKt                                : loaded 2 times (x 67B)
Class kotlin.annotation.Target                                                        : loaded 2 times (x 66B)
Class kotlin.text.StringsKt___StringsJvmKt                                            : loaded 2 times (x 67B)
Class kotlin.annotation.Retention                                                     : loaded 2 times (x 66B)
Class ai.grazie.utils.mpp.RootStreamDataLoader                                        : loaded 2 times (x 66B)
Class kotlin.collections.MapsKt___MapsKt                                              : loaded 2 times (x 67B)
Class kotlin.collections.MapsKt__MapWithDefaultKt                                     : loaded 2 times (x 67B)
Class kotlin.text.StringsKt___StringsKt                                               : loaded 2 times (x 67B)
Class kotlin.collections.CollectionsKt__MutableCollectionsJVMKt                       : loaded 2 times (x 67B)
Class dk.brics.automaton.BasicOperations                                              : loaded 2 times (x 67B)
Class kotlin.coroutines.intrinsics.IntrinsicsKt                                       : loaded 2 times (x 67B)
Class kotlin.jvm.internal.Intrinsics                                                  : loaded 2 times (x 67B)
Class ai.grazie.nlp.patterns.standard.LikelyPatterns$NameInitials$1                   : loaded 2 times (x 91B)
Class ai.grazie.utils.mpp.PlatformKt                                                  : loaded 2 times (x 67B)
Class ai.grazie.utils.mpp.DataLoader$Path                                             : loaded 2 times (x 68B)
Class kotlin.collections.CollectionsKt__IterablesKt                                   : loaded 2 times (x 67B)
Class kotlin.collections.MapsKt                                                       : loaded 2 times (x 67B)
Class ai.grazie.nlp.patterns.standard.LikelyPatterns$TicketName$1                     : loaded 2 times (x 91B)
Class ai.grazie.nlp.patterns.standard.LikelyPatterns$IsOrdinalNumeral$1               : loaded 2 times (x 91B)
Class kotlin.KotlinNullPointerException                                               : loaded 2 times (x 79B)
Class ai.grazie.nlp.patterns.standard.LikelyPatterns$PunctuationOperator$1$1          : loaded 2 times (x 91B)
Class ai.grazie.utils.mpp.FromResourcesDataLoader                                     : loaded 2 times (x 91B)
Class ai.grazie.nlp.patterns.RegexPattern                                             : loaded 2 times (x 91B)
Class kotlin.text.StringsKt__StringBuilderKt                                          : loaded 2 times (x 67B)
Class kotlin.jvm.internal.markers.KMappedMarker                                       : loaded 2 times (x 66B)
Class ai.grazie.nlp.patterns.standard.LikelyPatterns$IsGreekMetricCombination$1       : loaded 2 times (x 91B)
Class ai.grazie.nlp.patterns.AhoCorasickPattern$AhoCorasickBuilder$AutomataBuilderNode: loaded 2 times (x 68B)
Class ai.grazie.nlp.patterns.ext.AbbreviationPatterns$CaseDotVaryingPattern           : loaded 2 times (x 90B)
Class ai.grazie.nlp.langs.alphabet.SetBasedAlphabet                                   : loaded 2 times (x 72B)
Class kotlin.coroutines.jvm.internal.SuspendFunction                                  : loaded 2 times (x 66B)
Class ai.grazie.nlp.patterns.standard.LikelyPatterns$IsIPv4$1                         : loaded 2 times (x 91B)
Class kotlin.coroutines.intrinsics.IntrinsicsKt__IntrinsicsJvmKt                      : loaded 2 times (x 67B)
Class kotlin.collections.CollectionsKt                                                : loaded 2 times (x 67B)
Class [Lai.grazie.utils.mpp.Platform;                                                 : loaded 2 times (x 65B)
Class ai.grazie.nlp.langs.Language                                                    : loaded 2 times (x 75B)
Class ai.grazie.nlp.patterns.AhoCorasickPattern                                       : loaded 2 times (x 92B)

---------------  S Y S T E M  ---------------

OS:
 Windows 10 , 64 bit Build 19041 (10.0.19041.4842)
OS uptime: 0 days 0:47 hours

CPU: total 8 (initial active 8) (4 cores per cpu, 2 threads per core) family 6 model 165 stepping 3 microcode 0xe0, cx8, cmov, fxsr, ht, mmx, 3dnowpref, sse, sse2, sse3, ssse3, sse4.1, sse4.2, popcnt, lzcnt, tsc, tscinvbit, avx, avx2, aes, erms, clmul, bmi1, bmi2, adx, fma, vzeroupper, clflush, clflushopt, rdtscp, f16c
Processor Information for the first 8 processors :
  Max Mhz: 3600, Current Mhz: 3600, Mhz Limit: 3600

Memory: 4k page, system-wide physical 7973M (716M free)
TotalPageFile size 7973M (AvailPageFile size 331M)
current process WorkingSet (physical memory assigned to process): 1246M, peak: 1586M
current process commit charge ("private bytes"): 1564M, peak: 1997M

vm_info: OpenJDK 64-Bit Server VM (21.0.6+8-b631.39) for windows-amd64 JRE (21.0.6+8-b631.39), built on 2025-02-04 by "builduser" with MS VC++ 16.10 / 16.11 (VS2019)

END.
